Family,Exposure_Condition,n,mean,median,sd
Comamonadaceae,Pre_exposure,9,6.4054922920234105,6.259771834467325,0.6004663312168333
Comamonadaceae,Post_exposure,53,5.699419807480335,5.769007175811307,0.6352778420452229
Comamonadaceae,Post_long_exposure,23,6.500270511749015,6.590362615801661,0.7220860483954074
Rhodobacteraceae,Pre_exposure,9,6.136714637979939,5.695773329693614,1.3716963600473033
Rhodobacteraceae,Post_exposure,53,6.508096033893577,6.806198464335982,1.37616227324146
Rhodobacteraceae,Post_long_exposure,23,4.922230783595158,5.0188276308801125,0.5250896936489274
Flavobacteriaceae,Pre_exposure,9,5.4474796669472125,5.597539651900521,0.5782792193122528
Flavobacteriaceae,Post_exposure,53,4.850732374176339,5.0477477150987555,0.46092492333650725
Flavobacteriaceae,Post_long_exposure,23,5.410794293598117,5.44637182174952,0.2976546756644512
Pseudomonadaceae,Pre_exposure,9,5.3419572379990194,5.383742115161396,0.14845204683421512
Pseudomonadaceae,Post_exposure,53,4.526896865148726,4.708396828601058,0.5298754983987976
Pseudomonadaceae,Post_long_exposure,23,4.96981631798911,4.992520231005997,0.2152907461752902
Pirellulaceae,Pre_exposure,9,-0.012550541787801878,0.1313696302261741,0.5667533990391425
Pirellulaceae,Post_exposure,53,1.7709801944567485,1.0487596801154142,2.4178671100898983
Pirellulaceae,Post_long_exposure,23,3.2133088167124817,2.3475756597998854,3.352989431216657
Rubinisphaeraceae,Pre_exposure,9,1.566777095839878,1.537540741916692,0.29311440043080766
Rubinisphaeraceae,Post_exposure,53,3.464773844256159,3.30455424535037,2.434073593294088
Rubinisphaeraceae,Post_long_exposure,23,1.5792397232497863,1.420636483626611,0.7097071265405317
Rhizobiaceae,Pre_exposure,9,0.7794748584055834,1.384738879981133,1.0884503991517074
Rhizobiaceae,Post_exposure,53,1.8750401931670804,1.5765691484605202,2.5101810886323044
Rhizobiaceae,Post_long_exposure,23,1.3387615432678703,1.0860703254387274,2.5092144452002834
Spirosomaceae,Pre_exposure,9,5.411398410633892,5.648840176271394,0.6063129189423059
Spirosomaceae,Post_exposure,53,4.865544185112182,4.982894651846962,0.42022757075541517
Spirosomaceae,Post_long_exposure,23,5.316263805851093,5.346126031134761,0.1390513508509968
Verrucomicrobiaceae,Pre_exposure,9,3.123791904676226,3.0799871053293844,0.36848275471781755
Verrucomicrobiaceae,Post_exposure,53,2.5682412734403135,2.4685393916446543,1.3477326144712034
Verrucomicrobiaceae,Post_long_exposure,23,2.5493316103547805,2.6859198230547037,0.7065664421384654
