"Taxon","Family","Phylum","Class","Order","Genus","Post_vs_Pre_LFC","Post_vs_Pre_SE","Post_vs_Pre_W","Post_vs_Pre_pval","Post_vs_Pre_qval","Post_vs_Pre_sig","PostLong_vs_Pre_LFC","PostLong_vs_Pre_SE","PostLong_vs_Pre_W","PostLong_vs_Pre_pval","PostLong_vs_Pre_qval","PostLong_vs_Pre_sig","Global_W","Global_pval","Global_qval","Global_sig"
"Koribacteraceae","Koribacteraceae","Acidobacteriota","Acidobacteriae","Acidobacteriales","Candidatus Koribacter",-0.268346250772985,0,-0.87155383441504,0,0,TRUE,0.106792098295867,0,0.282908347237443,0,0,TRUE,1.83341039612265,0,0,TRUE
"Blastocatellaceae","Blastocatellaceae","Acidobacteriota","Blastocatellia","Blastocatellales","Stenotrophobacter",-0.954267996731802,0.200263809766534,-4.76505464389338,1.88802475681364e-06,4.24805570283069e-05,TRUE,-0.488921210429118,0.198526810385511,-2.46274651509134,0.013787735477606,0.188372136110267,FALSE,24.0497015485012,1.19868110270181e-05,0.000179802165405271,TRUE
"Pyrinomonadaceae","Pyrinomonadaceae","Acidobacteriota","Blastocatellia","Pyrinomonadales","RB41",-0.153023448613081,0,-0.433825524798402,0,0,TRUE,-0.261298423212263,0.369705894114129,-0.706773755496578,0.479707086423411,0.881094648532796,FALSE,0.515327010979035,0,0,TRUE
"Thermoanaerobaculaceae","Thermoanaerobaculaceae","Acidobacteriota","Thermoanaerobaculia","Thermoanaerobaculales","Subgroup 10",0.0359794901176109,0,0.165537996017202,0,0,TRUE,0.00456840283571826,0.258160650221998,0.0176959688929734,0.985881396502824,0.985881396502824,FALSE,0.0348386021340986,0,0,TRUE
"Vicinamibacteraceae","Vicinamibacteraceae","Acidobacteriota","Vicinamibacteria","Vicinamibacterales","Vicinamibacter",-0.0555450347089853,0,-0.181215871860062,0,0,TRUE,-0.0192362577735899,0.342667884197025,-0.0561367395683033,0.955232876128304,0.976942714222129,FALSE,0.0377369097550767,0,0,TRUE
"Ilumatobacteraceae","Ilumatobacteraceae","Actinobacteriota","Acidimicrobiia","Microtrichales","CL500-29 marine group",0.0144128123834677,0,0.0280232351049217,0,0,TRUE,-0.0369772642449483,0.551062055209728,-0.0671018152953303,0.9465006487579,0.976942714222129,FALSE,0.0168337648028151,0,0,TRUE
"Actinomycetaceae","Actinomycetaceae","Actinobacteriota","Actinobacteria","Actinomycetales","Actinomyces",0.0674241938446429,0,0.262229174025602,0,0,TRUE,-0.0655420726867418,0.27613914047984,-0.237351621261843,0.812384018035509,0.955612901220835,FALSE,0.326465494072761,0,0,TRUE
"Corynebacteriaceae","Corynebacteriaceae","Actinobacteriota","Actinobacteria","Corynebacteriales","Corynebacterium",0.125243275682086,0,0.437139518190972,0,0,TRUE,0.616507430459573,0,1.60669906827012,0,0,TRUE,2.774574491714,0,0,TRUE
"67-14","67-14","Actinobacteriota","Thermoleophilia","Solirubrobacterales",NA,-0.142367606331708,0,-0.585897142534089,0,0,TRUE,-0.181428978672246,0.267269203271896,-0.678824856927777,0.497248842037132,0.895047915666837,FALSE,0.509602550206778,0,0,TRUE
"Bacteriovoracaceae","Bacteriovoracaceae","Bdellovibrionota","Bdellovibrionia","Bacteriovoracales","Bacteriovorax",0.829487296491543,0,3.21408492908486,0,0,TRUE,0.0116765840218021,0.192933359374732,0.0605213326489731,0.951740425993258,0.976942714222129,FALSE,11.9048407730331,0,0,TRUE
"Nostocaceae","Nostocaceae","Cyanobacteria","Cyanobacteriia","Cyanobacteriales","Calothrix PCC-6303",0.0284827432397347,0.182692358843454,0.155905498292575,0.876107511298098,0.926516020038722,FALSE,2.64241921229818,0,3.50514027198571,0,0,TRUE,12.3940475935704,0,0,TRUE
"Obscuribacteraceae","Obscuribacteraceae","Cyanobacteria","Vampirivibrionia","Obscuribacterales","Candidatus Obscuribacter",-0.88503014902225,0.278606032248084,-3.17663670768685,0.00148993548660716,0.0121903812540586,TRUE,-0.832314806090995,0,-2.66127576646537,0,0,TRUE,10.7875007986878,0,0,TRUE
"Bacillaceae","Bacillaceae","Firmicutes","Bacilli","Bacillales","Natronobacillus",-0.380000555905435,0.28493795261492,-1.33362562767827,0.182326579699141,0.356725916802668,FALSE,-0.417000908696744,0,-1.37248100260911,0,0,TRUE,2.17454291231284,0,0,TRUE
"Planococcaceae","Planococcaceae","Firmicutes","Bacilli","Bacillales","Chungangia",-0.698443150690125,0.350741204810316,-1.99133475369068,0.046444097107066,0.130624023113623,FALSE,-0.66714094244484,0,-1.80503331724689,0,0,TRUE,4.19914292260323,0,0,TRUE
"Entomoplasmataceae","Entomoplasmataceae","Firmicutes","Bacilli","Entomoplasmatales","Entomoplasma",-0.166772291100741,0,-0.661901101778016,0,0,TRUE,-0.206222706596047,0.262568383832606,-0.785405704928735,0.432215736960994,0.881094648532796,FALSE,0.65998862816372,0,0,TRUE
"Carnobacteriaceae","Carnobacteriaceae","Firmicutes","Bacilli","Lactobacillales","Alloiococcus",0.0533488434816109,0,0.215999936887977,0,0,TRUE,0.0235061583344846,0.266044174265349,0.0883543434070456,0.9295950480018,0.976942714222129,FALSE,0.0492137916127635,0,0,TRUE
"Enterococcaceae","Enterococcaceae","Firmicutes","Bacilli","Lactobacillales","Enterococcus",0.180745092335443,0,0.849221005670499,0,0,TRUE,0.613915501562867,0,1.80690257197731,0,0,TRUE,3.35199737785767,0,0,TRUE
"Paenibacillaceae","Paenibacillaceae","Firmicutes","Bacilli","Paenibacillales","Paenibacillus",-0.12244929330545,0,-0.358097110241052,0,0,TRUE,-0.26252618278855,0.36071549218051,-0.727792924006647,0.466740356728544,0.881094648532796,FALSE,0.585997758642176,0,0,TRUE
"Staphylococcaceae","Staphylococcaceae","Firmicutes","Bacilli","Staphylococcales","Staphylococcus",-0.91493499676695,0.20137917827481,-4.54334457318319,5.53686339267938e-06,7.11882436201634e-05,TRUE,-0.274668702913201,0.156569986107308,-1.75428707469484,0.0793813293941425,0.39663314990991,FALSE,20.6420217981345,6.58676113866131e-05,0.000741010628099397,TRUE
"Family XI","Family XI","Firmicutes","Clostridia","Peptostreptococcales-Tissierellales","Peptoniphilus",-0.22138141428343,0.260642947433058,-0.849366600798927,0.395677331845532,0.583905728242363,FALSE,-0.166736231636439,0,-0.556024050235071,0,0,TRUE,0.724050871750529,0,0,TRUE
"Veillonellaceae","Veillonellaceae","Firmicutes","Negativicutes","Veillonellales-Selenomonadales","Veillonella",-0.287006279875798,0.270573771272824,-1.06073208251367,0.288811675469346,0.482834601092672,FALSE,-0.287471161123488,0,-0.998032909847616,0,0,TRUE,1.28620918413174,0,0,TRUE
"Leptotrichiaceae","Leptotrichiaceae","Fusobacteriota","Fusobacteriia","Fusobacteriales","Sebaldella",0.0258097448207677,0,0.118177805760525,0,0,TRUE,0.0465531646144411,0.233981130261567,0.198961192137159,0.842293101828451,0.955612901220835,FALSE,0.0395870856707729,0,0,TRUE
"Gemmatimonadaceae","Gemmatimonadaceae","Gemmatimonadota","Gemmatimonadetes","Gemmatimonadales","Gemmatimonas",0.631379769276502,0,2.11223891438349,0,0,TRUE,0.0116765840218023,0.192933359374732,0.0605213326489746,0.951740425993257,0.976942714222129,FALSE,4.90970350375821,0,0,TRUE
"Polyangiaceae","Polyangiaceae","Myxococcota","Polyangia","Polyangiales","Pajaroellobacter",-0.900756041962706,0.516551701991979,-1.74378680486217,0.0811962721971331,0.196064714216517,FALSE,-1.20898680034202,0,-2.38184852596784,0,0,TRUE,5.92996167895428,0,0,TRUE
"Sandaracinaceae","Sandaracinaceae","Myxococcota","Polyangia","Polyangiales","Sandaracinus",-1.59361264830906,0,-1.61394960347256,0,0,TRUE,0.665239180626841,1.24911931113108,0.532566564857976,0.594333652112904,0.955612901220835,FALSE,9.16040342840227,0,0,TRUE
"Pirellulaceae","Pirellulaceae","Planctomycetota","Planctomycetes","Pirellulales","Rhodopirellula",1.85986270419423,0.403333970186879,4.61122256410112,4.00307658594625e-06,6.00461487891938e-05,TRUE,1.46142746081344,0.611376993982989,2.39038674205346,0.0168306393175346,0.188372136110267,FALSE,24.5872802088827,9.16157066608056e-06,0.00016490827198945,TRUE
"Rubinisphaeraceae","Rubinisphaeraceae","Planctomycetota","Planctomycetes","Planctomycetales","SH-PL14",1.97432871636596,0.372814072638779,5.29574622114358,1.18531359760952e-07,3.55594079282857e-06,TRUE,0.00369198331620457,0.16670048309253,0.0221474062205043,0.982330371041194,0.985881396502824,FALSE,28.5294316442634,1.27627019795934e-06,3.82881059387801e-05,TRUE
"Caulobacteraceae","Caulobacteraceae","Proteobacteria","Alphaproteobacteria","Caulobacterales","Phenylobacterium",0.362788596747874,0,1.49998976140592,0,0,TRUE,1.31212965509366,0.758710106816666,1.72942161084289,0.0837336649809809,0.39663314990991,FALSE,4.75652966166444,0,0,TRUE
"Beijerinckiaceae","Beijerinckiaceae","Proteobacteria","Alphaproteobacteria","Rhizobiales","Methylobacterium-Methylorubrum",-1.87713066588967,0.402304538611324,-4.66594454133965,3.07202556909228e-06,5.52964602436611e-05,TRUE,-1.16591884647025,0.496402497293656,-2.34873686741453,0.0188372136110267,0.188372136110267,FALSE,21.7910783444099,3.70815138449518e-05,0.000476762320863666,TRUE
"Xanthobacteraceae","Xanthobacteraceae","Proteobacteria","Alphaproteobacteria","Rhizobiales","Bradyrhizobium",-1.06677987783406,0.377577224630837,-2.82532898767151,0.00472320930860602,0.0250052257514436,TRUE,-0.0769089062469483,0.357832490105422,-0.214929913782536,0.829821962036341,0.955612901220835,FALSE,13.3495613663998,0.00252469881984118,0.0227222893785706,TRUE
"Rhodobacteraceae","Rhodobacteraceae","Proteobacteria","Alphaproteobacteria","Rhodobacterales","Gemmobacter",0.447713363863316,0.498674552662921,0.897806718775857,0.369288602078555,0.573034037708103,FALSE,-1.24414126189283,0.485778155178507,-2.56113052559074,0.0104332149972012,0.188372136110267,FALSE,25.8669166148262,4.83170511435119e-06,0.000108713365072902,TRUE
"Anaplasmataceae","Anaplasmataceae","Proteobacteria","Alphaproteobacteria","Rickettsiales","Wolbachia",-0.0373611245060778,0,-0.120455657515995,0,0,TRUE,-0.283239059991597,0.316801346091502,-0.89405889048776,0.371290383081408,0.881094648532796,FALSE,1.37254942075618,0,0,TRUE
"Candidatus Hepatincola","Candidatus Hepatincola","Proteobacteria","Alphaproteobacteria","Rickettsiales",NA,-0.0056234039155935,0,-0.025020496907717,0,0,TRUE,0.113609515691855,0.241426041919174,0.470576888842378,0.637942914850123,0.955612901220835,FALSE,0.359040321664323,0,0,TRUE
"Mitochondria","Mitochondria","Proteobacteria","Alphaproteobacteria","Rickettsiales",NA,-0.359751360422561,0.285908246574186,-1.25827556474211,0.208292115030897,0.390547715682932,FALSE,-0.29026021664856,0,-0.991127759607998,0,0,TRUE,1.60652558150314,0,0,TRUE
"Sphingomonadaceae","Sphingomonadaceae","Proteobacteria","Alphaproteobacteria","Sphingomonadales","Sphingomonas",-1.57533574150683,0.265275589281484,-5.93848738880847,2.87663775667963e-09,1.29448699050583e-07,TRUE,-0.643079629124129,0.310021228104451,-2.07430837254624,0.0380506807349575,0.25707738425322,FALSE,36.2964016203396,2.62643421469614e-08,1.18189539661326e-06,TRUE
"Alcaligenaceae","Alcaligenaceae","Proteobacteria","Gammaproteobacteria","Burkholderiales","GKS98 freshwater group",0.250811406981639,0,1.05877829532361,0,0,TRUE,0.067101884075283,0.270558683465786,0.248012309993992,0.804124882310558,0.955612901220835,FALSE,1.20592696754507,0,0,TRUE
"Diplorickettsiaceae","Diplorickettsiaceae","Proteobacteria","Gammaproteobacteria","Diplorickettsiales","Rickettsiella",-1.13889419581634,0.295667789202568,-3.85193868729495,0.00011718636784401,0.00131834663824511,TRUE,-0.294846558187489,0.277808992381508,-1.06132834527755,0.288540708334275,0.763784227943669,FALSE,20.0345775646938,8.92435327792696e-05,0.000892435327792696,TRUE
"JI49D030","JI49D030","Proteobacteria","Gammaproteobacteria","Enterobacterales",NA,0.413828955066646,0,1.94387598555943,0,0,TRUE,0.48472917858965,0.329696094587413,1.47023027129347,0.141499398753708,0.530622745326403,FALSE,4.74424193020311,0,0,TRUE
"Orbaceae","Orbaceae","Proteobacteria","Gammaproteobacteria","Enterobacterales","Gilliamella",0.459023190747746,0,2.32294733729579,0,0,TRUE,0.377674011122036,0.255507778957988,1.47813116556477,0.139372673715949,0.530622745326403,FALSE,5.82571134520879,0,0,TRUE
"Moraxellaceae","Moraxellaceae","Proteobacteria","Gammaproteobacteria","Pseudomonadales","Acinetobacter",-0.871677681770275,0.307547817265582,-2.83428342792477,0.00459285772636497,0.0250052257514436,TRUE,-0.114315142197717,0.281466430694698,-0.406141300458356,0.684638781258177,0.955612901220835,FALSE,11.5460362738862,0.00622071170728831,0.0399902895468534,TRUE
"Pseudomonadaceae","Pseudomonadaceae","Proteobacteria","Gammaproteobacteria","Pseudomonadales","Pseudomonas",-0.738728404900617,0.115302278241872,-6.40688472218191,1.48523028325197e-10,1.33670725492677e-08,TRUE,-0.324346257231843,0.105921499261744,-3.06213808804146,0.00219762046132842,0.0988929207597787,FALSE,45.1108126475514,3.20141143732357e-10,2.88127029359121e-08,TRUE
"Solimonadaceae","Solimonadaceae","Proteobacteria","Gammaproteobacteria","Salinisphaerales","Nevskia",-0.216033534614813,0.231862753058081,-0.931730223011269,0.351475963145393,0.554962047071674,FALSE,0.355526705220234,0,1.1057683106516,0,0,TRUE,4.03377694725739,0,0,TRUE
"Tenderiaceae","Tenderiaceae","Proteobacteria","Gammaproteobacteria","Tenderiales","Candidatus Tenderia",-0.502863157731021,0.407120196123051,-1.23517124063045,0.216766780209165,0.398143065690302,FALSE,-0.501809767076901,0,-1.16712094221679,0,0,TRUE,1.64955937954956,0,0,TRUE
"Terrimicrobiaceae","Terrimicrobiaceae","Verrucomicrobiota","Verrucomicrobiae","Chthoniobacterales","Terrimicrobium",-0.719168784669541,0.242957059926279,-2.96006539134019,0.00307573750192586,0.0184544250115552,TRUE,0.0492040710406046,0.266678605003609,0.184507006251734,0.853615731320913,0.955612901220835,FALSE,12.9431382568477,0.00309359341004285,0.0253112188094415,TRUE
