"Taxon","Family","Phylum","Class","Order","Genus","Post_vs_Pre_LFC","Post_vs_Pre_SE","Post_vs_Pre_W","Post_vs_Pre_pval","Post_vs_Pre_qval","Post_vs_Pre_sig","PostLong_vs_Pre_LFC","PostLong_vs_Pre_SE","PostLong_vs_Pre_W","PostLong_vs_Pre_pval","PostLong_vs_Pre_qval","PostLong_vs_Pre_sig","PostLong_vs_Post_LFC","PostLong_vs_Post_SE","PostLong_vs_Post_W","PostLong_vs_Post_pval","PostLong_vs_Post_qval","PostLong_vs_Post_sig","Global_W","Global_pval","Global_qval","Global_sig"
"Koribacteraceae","Koribacteraceae","Acidobacteriota","Acidobacteriae","Acidobacteriales","Candidatus Koribacter",-0.34467821872266,0,-1.12526292900043,0,0,TRUE,-0.080421160134622,0,-0.24352296277937,0,0,TRUE,0.264257058588038,0,Inf,0,0,TRUE,1.88372561126928,0,0,TRUE
"Blastocatellaceae","Blastocatellaceae","Acidobacteriota","Blastocatellia","Blastocatellales","Aridibacter",-1.03059996468148,0.199183393903625,-5.17412593732655,2.28980346873343e-07,2.03792508717275e-05,TRUE,-0.519584502639109,0.163257425281595,-3.18260870366479,0.00145954716445193,0.126980603307318,FALSE,0.511015462042369,0.257540310080854,1.9842154491541,0.0472318270154211,1,FALSE,28.8323185065043,1.09691148003661e-06,9.65282102432221e-05,TRUE
"Pyrinomonadaceae","Pyrinomonadaceae","Acidobacteriota","Blastocatellia","Pyrinomonadales","RB41",-0.229355416562757,0,-0.654883632917977,0,0,TRUE,-0.214065758370882,0,-0.59510146393963,0,0,TRUE,0.0152896581918753,0,Inf,0,0,TRUE,0.451590947933889,0,0,TRUE
"Thermoanaerobaculaceae","Thermoanaerobaculaceae","Acidobacteriota","Thermoanaerobaculia","Thermoanaerobaculales","Subgroup 10",-0.0403524778320649,0,-0.187141124909893,0,0,TRUE,0.0399515938409369,0.231480429340149,0.172591669865231,0.862972400119922,1,FALSE,0.0803040716730018,0.231480429340149,0.346915166443722,0.728655052253067,1,FALSE,0.168168169692956,0,0,TRUE
"Vicinamibacteraceae","Vicinamibacteraceae","Acidobacteriota","Vicinamibacteria","Vicinamibacterales","Luteitalea",-0.131877002658662,0,-0.431951584284369,0,0,TRUE,0.0783485536580746,0,0.246788877564417,0,0,TRUE,0.210225556316737,0,Inf,0,0,TRUE,0.710994651747307,0,0,TRUE
"Actinomycetaceae","Actinomycetaceae","Actinobacteriota","Actinobacteria","Actinomycetales","Actinomyces",-0.00890777410503295,0,-0.0346707020010102,0,0,TRUE,-0.0492652787249699,0.265640429882408,-0.185458511517913,0.852869418740002,1,FALSE,-0.0403575046199369,0.265640429882408,-0.151925309855138,0.879245845629209,1,FALSE,0.0476846493281109,0,0,TRUE
"Bifidobacteriaceae","Bifidobacteriaceae","Actinobacteriota","Actinobacteria","Bifidobacteriales","Bifidobacterium",-0.832256897286632,0.368544186290248,-2.25822826202768,0.0239314321276006,1,FALSE,-0.583008019847788,0.421167936336182,-1.38426496784034,0.166277336669108,1,FALSE,0.249248877438844,0.559649218570007,0.445366256519959,0.656055093433667,1,FALSE,5.10813893682666,0.155529121580283,1,FALSE
"Corynebacteriaceae","Corynebacteriaceae","Actinobacteriota","Actinobacteria","Corynebacteriales","Corynebacterium",0.0489113077324091,0,0.171894464227359,0,0,TRUE,0.402734325815708,0,1.21332278538187,0,0,TRUE,0.353823018083299,0,Inf,0,0,TRUE,1.93338659252546,0,0,TRUE
"Nocardiaceae","Nocardiaceae","Actinobacteriota","Actinobacteria","Corynebacteriales","Gordonia",-0.763333046589758,0.394538987259243,-1.93474680890837,0.0530213732305023,1,FALSE,-0.706544228937439,0.421361492319976,-1.67681252752186,0.0935791472416541,1,FALSE,0.0567888176523186,0.577240434894911,0.0983798331152204,0.921630687830969,1,FALSE,3.86736087395796,0.289229943084951,1,FALSE
"Microbacteriaceae","Microbacteriaceae","Actinobacteriota","Actinobacteria","Micrococcales","Allohumibacter",-0.605447158687105,0.209312599021492,-2.89255000185124,0.0038212835180742,0.275132413301342,FALSE,-0.020961336547485,0.208136559147531,-0.100709537206423,0.919781040273794,1,FALSE,0.58448582213962,0.29518230191342,1.98008423388153,0.0476940644240513,1,FALSE,13.2033032035995,0.00271624621125176,0.211867204477637,FALSE
"Micrococcaceae","Micrococcaceae","Actinobacteriota","Actinobacteria","Micrococcales","Acaricomes",-0.381300892707958,0.485908663366861,-0.784717214272173,0.432619387555822,1,FALSE,-0.130177455056006,0.52671484223845,-0.247149775584021,0.804792312951124,1,FALSE,0.251123437651952,0.716614090127486,0.350430505221125,0.726015636141245,1,FALSE,0.882617242605081,0.713611654969392,1,FALSE
"Propionibacteriaceae","Propionibacteriaceae","Actinobacteriota","Actinobacteria","Propionibacteriales","Acidipropionibacterium",-0.521211818073049,0.442776185538201,-1.17714510196502,0.239137595941619,1,FALSE,-0.402763906922022,0.474004187795346,-0.849705376645149,0.395488908434642,1,FALSE,0.118447911151027,0.648637587969804,0.182610310206909,0.855103794003205,1,FALSE,1.38639828501601,0.999948039401941,1,FALSE
"67-14","67-14","Actinobacteriota","Thermoleophilia","Solirubrobacterales",NA,-0.218699574281384,0,-0.90794065637448,0,0,TRUE,-0.107981929521205,0.252726663275479,-0.427267657957806,0.669184386707138,1,FALSE,0.110717644760179,0.252726663275479,0.438092456590121,0.661319262453481,1,FALSE,0.867299560334835,0,0,TRUE
"Paludibacteraceae","Paludibacteraceae","Bacteroidota","Bacteroidia","Bacteroidales","Paludibacter",-0.529064111506695,0.396849194381585,-1.33316161150621,0.182478774119855,1,FALSE,-0.345456557673996,0.421874800479243,-0.818860375830845,0.412866079326942,1,FALSE,0.183607553832699,0.579195675364306,0.317004359048801,0.751240294672139,1,FALSE,1.8304321751226,0.800860177559964,1,FALSE
"Chitinophagaceae","Chitinophagaceae","Bacteroidota","Bacteroidia","Chitinophagales","Asinibacterium",-0.394895989320143,0.393498755430585,-1.00355079621034,0.315595181197327,1,FALSE,0.00389729352823655,0.383608994178527,0.0101595467973381,0.991893993911339,1,FALSE,0.398793282848379,0.54954265616063,0.725682125632506,0.468033661909024,1,FALSE,3.31018792734619,0.382148201675154,1,FALSE
"Saprospiraceae","Saprospiraceae","Bacteroidota","Bacteroidia","Chitinophagales","Candidatus Aquirestis",-0.299913141895952,0.386356548853307,-0.776260018850681,0.437595474611987,1,FALSE,0.0960821541148072,0.3884434894726,0.247351691349649,0.804636057403661,1,FALSE,0.39599529601076,0.547868348561484,0.722792796938368,0.469807193346263,1,FALSE,3.13101868215022,0.417963086353867,1,FALSE
"Cyclobacteriaceae","Cyclobacteriaceae","Bacteroidota","Bacteroidia","Cytophagales","Algoriphagus",-0.550929105693551,0.240541779598274,-2.29036763016243,0.0220000143464979,1,FALSE,-0.49923955285603,0.198068732326817,-2.52053692165948,0.011717594460113,0.925689962348924,FALSE,0.0516895528375211,0.311595202880046,0.165886869758454,0.86824598074011,1,FALSE,7.40669671850734,0.0492817633223385,1,FALSE
"Hymenobacteraceae","Hymenobacteraceae","Bacteroidota","Bacteroidia","Cytophagales","Hymenobacter",-0.960778577991391,0.40761894778036,-2.3570508270609,0.0184207253611825,1,FALSE,-0.869250348462743,0.47664571947623,-1.82368227164178,0.0682001205609467,1,FALSE,0.0915282295286474,0.627171705742997,0.145938071967414,0.883970276238808,1,FALSE,5.87357836174938,0.106071487658094,1,FALSE
"Spirosomaceae","Spirosomaceae","Bacteroidota","Bacteroidia","Cytophagales","Arcicella",-0.545854225521709,0.226846861963749,-2.40626747399723,0.01611646009101,1,FALSE,-0.0951346047828009,0.218348130897037,-0.435701484560278,0.663053328494346,1,FALSE,0.450719620738909,0.314857753674624,1.43150237044721,0.152286288098732,1,FALSE,9.60261148184038,0.0164380162883497,1,FALSE
"Crocinitomicaceae","Crocinitomicaceae","Bacteroidota","Bacteroidia","Flavobacteriales","Crocinitomix",-0.122846029913499,0.346405882050822,-0.354630323209917,0.722866556144572,1,FALSE,1.18046757187745,0.471952103697511,2.50124443270636,0.0123757728729988,0.96531028409391,FALSE,1.30331360179095,0.585436438312405,2.22622562672717,0.0259990722528873,1,FALSE,10.6869969279302,0.00955824368834032,0.673394574677117,FALSE
"Flavobacteriaceae","Flavobacteriaceae","Bacteroidota","Bacteroidia","Flavobacteriales","Actibacter",-0.596747292770874,0.22015957815004,-2.71052160339891,0.00671774722273713,0.476960052814336,FALSE,-0.0366853733490952,0.217308836878805,-0.168816758103376,0.865940776454578,1,FALSE,0.560061919421779,0.309343450612459,1.81048578307681,0.0702204870888623,1,FALSE,12.8836734531767,0.00318695441831754,0.242208535792133,FALSE
"Weeksellaceae","Weeksellaceae","Bacteroidota","Bacteroidia","Flavobacteriales","Bergeyella",0.00392780905498184,0.340240199223658,0.0115442239451544,0.990789246532979,1,FALSE,0.0487382976138257,0.361581144780562,0.134792143665025,0.892776217595359,1,FALSE,0.0448104885588439,0.496492011444873,0.0902541985085278,0.928085215841331,1,FALSE,0.0287662463806668,0.0285603604243054,1,FALSE
"env.OPS 17","env.OPS 17","Bacteroidota","Bacteroidia","Sphingobacteriales",NA,0.139094566043617,0.379213356905162,0.366797644415259,0.713769964847566,1,FALSE,0.923193472491143,0.432379725901999,2.1351451448498,0.0327491560261603,1,FALSE,0.784098906447526,0.575113030130921,1.36338226638515,0.172762067043769,1,FALSE,6.55203599051233,0.0755567828485621,1,FALSE
"NS11-12 marine group","NS11-12 marine group","Bacteroidota","Bacteroidia","Sphingobacteriales",NA,-0.543973054114889,0.27205552970918,-1.9994927311214,0.0455550675635777,1,FALSE,-0.0407100923114796,0.309740863678534,-0.131432746160774,0.895432985651691,1,FALSE,0.50326296180341,0.412254307288192,1.22075852915612,0.222177459907951,1,FALSE,5.63203734892481,0.119687452807792,1,FALSE
"Sphingobacteriaceae","Sphingobacteriaceae","Bacteroidota","Bacteroidia","Sphingobacteriales","Arcticibacter",-0.724490431986426,0.271253202426765,-2.67090093501119,0.00756479690100074,0.529535783070052,FALSE,-0.625059323095712,0.278288640162765,-2.24608278199976,0.0246987059898214,1,FALSE,0.0994311088907135,0.38861660678671,0.255859135081393,0.798059609982031,1,FALSE,8.03393773883956,0.0360149305552588,1,FALSE
"Bacteriovoracaceae","Bacteriovoracaceae","Bdellovibrionota","Bdellovibrionia","Bacteriovoracales","Bacteriovorax",0.753155328541867,0,2.93217822176298,0,0,TRUE,0.0220685030948147,0.180238276135104,0.122440713304828,0.902549996502817,1,FALSE,-0.731086825447052,0.180238276135104,-4.05622402257686,4.98724274953233e-05,0.00389004934463522,TRUE,10.0545718941821,0,0,TRUE
"Bdellovibrionaceae","Bdellovibrionaceae","Bdellovibrionota","Bdellovibrionia","Bdellovibrionales","Bdellovibrio",-0.561951002023536,0.316856777574529,-1.77351738007674,0.0761430145479862,1,FALSE,-0.519898582432521,0.33449878653138,-1.55426149022441,0.120122055361512,1,FALSE,0.0420524195910148,0.460746845551742,0.0912701193659986,0.927277960158889,1,FALSE,3.36636000585703,0.37156449519509,1,FALSE
"Silvanigrellaceae","Silvanigrellaceae","Bdellovibrionota","Oligoflexia","Silvanigrellales",NA,-0.948323254226123,0.270037565107497,-3.5118197494064,0.000445049736245187,0.0369391281083505,TRUE,-0.940384101391961,0.297273169606756,-3.16336688788947,0.00155955653118825,0.13412186168219,FALSE,0.00793915283416136,0.401611284623867,0.0197682513866533,0.984228244655526,1,FALSE,13.8950549286646,0.00192201669199228,0.153761335359382,FALSE
"Arcobacteraceae","Arcobacteraceae","Campylobacterota","Campylobacteria","Campylobacterales","Halarcobacter",0.346558660531898,0,1.17106473043471,0,0,TRUE,0.711269675916804,0,2.26585727026081,0,0,TRUE,0.364711015384906,0,Inf,0,0,TRUE,5.64791324174539,0,0,TRUE
"Obscuribacteraceae","Obscuribacteraceae","Cyanobacteria","Vampirivibrionia","Obscuribacterales","Candidatus Obscuribacter",-0.961362116971927,0.277636901075596,-3.46265973019979,0.000534864337509161,0.043324011338242,TRUE,-0.83799345493602,0.293756254384926,-2.85268293841311,0.00433518516872586,0.35548518383552,FALSE,0.123368662035907,0.404196716747083,0.305219357120861,0.760199090523968,1,FALSE,12.4244511651399,0.00400954142519388,0.300715606889541,FALSE
"Bacillaceae","Bacillaceae","Firmicutes","Bacilli","Bacillales","Natronobacillus",-0.456332523855111,0.282395243300376,-1.61593558914774,0.106108239992474,1,FALSE,-0.341784040913501,0,-1.17918803975051,0,0,TRUE,0.11454848294161,0.282395243300376,0.405631771990465,0.685013180389139,1,FALSE,2.61148571173905,0,0,TRUE
"Planococcaceae","Planococcaceae","Firmicutes","Bacilli","Bacillales","Chungangia",-0.774775118639801,0.349733421187936,-2.21533051090208,0.0267373871008818,1,FALSE,-0.718162132676257,0,-2.03443208568077,0,0,TRUE,0.0566129859635441,0.349733421187936,0.161874680924824,0.871404541526696,1,FALSE,5.12757846905929,0,0,TRUE
"Entomoplasmataceae","Entomoplasmataceae","Firmicutes","Bacilli","Entomoplasmatales","Entomoplasma",-0.243104259050417,0,-0.97322872813353,0,0,TRUE,-0.193049325319784,0.252913827588468,-0.763300793635954,0.445284028890723,1,FALSE,0.0500549337306325,0.252913827588468,0.197912997513446,0.8431131347768,1,FALSE,0.969426539472864,0,0,TRUE
"Spiroplasmataceae","Spiroplasmataceae","Firmicutes","Bacilli","Entomoplasmatales","Spiroplasma",0.461080232677432,0.732592881331616,0.629381262672575,0.529099481883686,1,FALSE,0.886005759172375,0.77374569406071,1.145086513532,0.252173321573447,1,FALSE,0.424925526494943,1.06553964208529,0.398789035819777,0.690048656510848,1,FALSE,1.4934375589752,0.947838074384526,1,FALSE
"Carnobacteriaceae","Carnobacteriaceae","Firmicutes","Bacilli","Lactobacillales","Alloiococcus",-0.0229831244680647,0,-0.0936184701882696,0,0,TRUE,0.12938150889358,0,0.485914319776472,0,0,TRUE,0.152364633361644,0,Inf,0,0,TRUE,0.474594744602725,0,0,TRUE
"Enterococcaceae","Enterococcaceae","Firmicutes","Bacilli","Lactobacillales","Enterococcus",0.104413124385768,0,0.49105954275895,0,0,TRUE,0.340882962090761,0,1.2868660391914,0,0,TRUE,0.236469837704994,0,Inf,0,0,TRUE,1.65844826818422,0,0,TRUE
"Streptococcaceae","Streptococcaceae","Firmicutes","Bacilli","Lactobacillales","Lactococcus",-0.328907407531081,0.502571314127592,-0.654449225981048,0.512822428775339,1,FALSE,0.238950981795333,0.550863779574553,0.433775083160998,0.664451777174629,1,FALSE,0.567858389326414,0.745673406680898,0.761537670833716,0.446335987329362,1,FALSE,2.20812388327962,0.663043446299432,1,FALSE
"Paenibacillaceae","Paenibacillaceae","Firmicutes","Bacilli","Paenibacillales","Paenibacillus",-0.198781261255126,0,-0.585361246916262,0,0,TRUE,-0.196083398282863,0,-0.563405196213881,0,0,TRUE,0.00269786297226324,0,Inf,0,0,TRUE,0.378134908770286,0,0,TRUE
"Staphylococcaceae","Staphylococcaceae","Firmicutes","Bacilli","Staphylococcales","Corticicoccus",-0.991266964716626,0.197883124627981,-5.009355732482,5.46125468153176e-07,4.75129157293263e-05,TRUE,-0.358535513967542,0.145282609013528,-2.46784881137534,0.0135927716893205,1,FALSE,0.632731450749084,0.245488833746691,2.57743474964719,0.00995366721117041,0.736571373626611,FALSE,25.300848013934,6.41240074206757e-06,0.000545054063075743,TRUE
"Clostridiaceae","Clostridiaceae","Firmicutes","Clostridia","Clostridiales","Clostridium sensu stricto 1",-0.290902743144037,0.302055734645054,-0.963076378887086,0.335509194770807,1,FALSE,-0.277084943308021,0.31330425939194,-0.8843957112035,0.376482637339697,1,FALSE,0.0138177998360159,0.435197915648841,0.0317506112487116,0.974670933270995,1,FALSE,1.01316800712325,0.794899245670898,1,FALSE
"Family XI","Family XI","Firmicutes","Clostridia","Peptostreptococcales-Tissierellales","Anaerococcus",-0.297713382233105,0.258708171818986,-1.15076914710452,0.249827220798277,1,FALSE,-0.169014079692197,0.277547081047437,-0.608956430218446,0.542553318780338,1,FALSE,0.128699302540908,0.379423642336471,0.339196845374169,0.734461445579011,1,FALSE,1.36662677534296,0.990117696486162,1,FALSE
"Peptostreptococcaceae","Peptostreptococcaceae","Firmicutes","Clostridia","Peptostreptococcales-Tissierellales","Paeniclostridium",-0.903776282704501,0.429710893345315,-2.10321938936332,0.0354465961362859,1,FALSE,-0.535464733840509,0.478619478013853,-1.11876920693355,0.263238611676428,1,FALSE,0.368311548863992,0.643216959193305,0.572608578800397,0.56690974980816,1,FALSE,4.6556888497481,0.195011403173739,1,FALSE
"Veillonellaceae","Veillonellaceae","Firmicutes","Negativicutes","Veillonellales-Selenomonadales","Veillonella",-0.363338247825474,0.267913146221215,-1.35617924297551,0.175042144668274,1,FALSE,-0.268060848288754,0,-0.97680715394797,0,0,TRUE,0.0952773995367207,0.267913146221215,0.355627937189952,0.722119218809609,1,FALSE,1.84216256261516,0,0,TRUE
"Leptotrichiaceae","Leptotrichiaceae","Fusobacteriota","Fusobacteriia","Fusobacteriales","Hypnocyclicus",-0.050522223128908,0,-0.233393112859053,0,0,TRUE,0.0432977260642468,0.224722615862118,0.192671867484903,0.847215957101371,1,FALSE,0.0938199491931549,0.224722615862118,0.417492244086013,0.676318396141404,1,FALSE,0.240900260632001,0,0,TRUE
"Gemmatimonadaceae","Gemmatimonadaceae","Gemmatimonadota","Gemmatimonadetes","Gemmatimonadales","Gemmatimonas",0.555047801326826,0,1.86722149189906,0,0,TRUE,0.0220685030948147,0.180238276135104,0.122440713304828,0.902549996502817,1,FALSE,-0.532979298232012,0.180238276135104,-2.95708164581256,0.00310565871121482,0.236030062052326,FALSE,3.83251322727203,0,0,TRUE
"Polyangiaceae","Polyangiaceae","Myxococcota","Polyangia","Polyangiales","Jahnella",-0.977088009912383,0.51387486065085,-1.90141235684277,0.0572480222670284,1,FALSE,-1.11399009217964,0,-2.20431046306068,0,0,TRUE,-0.136902082267261,0.51387486065085,-0.266411324527272,0.789922444578093,1,FALSE,4.86106799151319,0,0,TRUE
"Sandaracinaceae","Sandaracinaceae","Myxococcota","Polyangia","Polyangiales","Sandaracinus",-1.66994461625874,0,-1.69718560850964,0,0,TRUE,-0.214843765229915,1.11117828636311,-0.19334769934454,0.846686672356276,1,FALSE,1.45510085102883,1.11117828636311,1.30951159583165,0.190361112417283,1,FALSE,7.68114924206576,0,0,TRUE
"Gemmataceae","Gemmataceae","Planctomycetota","Planctomycetes","Gemmatales","Fimbriiglobus",0.0417241017270801,0.342029052544268,0.121989934529553,0.902906989813856,1,FALSE,0.206668438699934,0.413737608513184,0.499515718289721,0.617416116323851,1,FALSE,0.164944336972854,0.536807862724213,0.307268854326738,0.758638740359856,1,FALSE,0.252408360318545,0.237130286201221,1,FALSE
"Isosphaeraceae","Isosphaeraceae","Planctomycetota","Planctomycetes","Isosphaerales","Aquisphaera",-0.843720181311048,0.319135006452284,-2.64377195936729,0.00819878720645046,0.557517530038631,FALSE,-0.631979074703166,0.419322026213641,-1.50714495112446,0.131773506913954,1,FALSE,0.211741106607882,0.526951718861617,0.401822594042031,0.687814592811244,1,FALSE,6.98983973908268,0.0607023607863794,1,FALSE
"Pirellulaceae","Pirellulaceae","Planctomycetota","Planctomycetes","Pirellulales","Blastopirellula",1.78353073624455,0.402002233119338,4.43661897697742,9.13828363162582e-06,0.000776754108688195,TRUE,3.22585935850029,0.732299926510375,4.40510676256989,1.05731791210116e-05,0.000962159300012058,TRUE,1.44232862225573,0.835385526448738,1.72654250832803,0.0842498587580385,1,FALSE,35.2860855742987,4.35265122894599e-08,3.87385959376193e-06,TRUE
"Rubinisphaeraceae","Rubinisphaeraceae","Planctomycetota","Planctomycetes","Planctomycetales","Planctomicrobium",1.89799674841628,0.371656891397498,5.10685202494017,3.275700659962e-07,2.88261658076656e-05,TRUE,0.0124626274099084,0.197263516961651,0.0631775586376228,0.949625114686511,1,FALSE,-1.88553412100638,0.420763282674869,-4.48122305021411,7.42164960398917e-06,0.000586310318715144,TRUE,26.3623986465402,3.77144574714613e-06,0.000324344334254567,TRUE
"Acetobacteraceae","Acetobacteraceae","Proteobacteria","Alphaproteobacteria","Acetobacterales","Acidiphilium",-0.667203430961582,0.389310598295253,-1.71380751996784,0.0865640818641823,1,FALSE,-0.0995195179663333,0.392878452211564,-0.253308669401758,0.800029697316938,1,FALSE,0.567683912995249,0.553096935588294,1.02637327468003,0.304715670337004,1,FALSE,4.81762643476441,0.179843898155993,1,FALSE
"Caulobacteraceae","Caulobacteraceae","Proteobacteria","Alphaproteobacteria","Caulobacterales","Asticcacaulis",0.286456628798201,0,1.19143058146425,0,0,TRUE,0.81364863331247,0.499016368157898,1.63050489970104,0.102994830502263,1,FALSE,0.527192004514269,0.499016368157898,1.05646234904154,0.2907570336466,1,FALSE,3.54566499700442,0,0,TRUE
"Holosporaceae","Holosporaceae","Proteobacteria","Alphaproteobacteria","Holosporales",NA,0.230265550381831,0.305210960799087,0.754447185576043,0.450580747309037,1,FALSE,0.148504808164709,0.339093908099021,0.437945963102774,0.661425455560924,1,FALSE,-0.0817607422171216,0.45622188582067,-0.179212669883311,0.857770715651871,1,FALSE,0.573405416741213,0.498530234277838,1,FALSE
"Beijerinckiaceae","Beijerinckiaceae","Proteobacteria","Alphaproteobacteria","Rhizobiales","1174-901-12",-1.95346263383935,0.401825732272586,-4.86146724051556,1.16518865407951e-06,0.000100206224250838,TRUE,-1.34081792528277,0.457457823194578,-2.93101977340644,0.00337851276010991,0.280416559089123,FALSE,0.612644708556575,0.608877310398673,1.00618745040021,0.314325407829826,1,FALSE,23.6493926260534,1.46429856487601e-05,0.00123001079449584,TRUE
"Rhizobiaceae","Rhizobiaceae","Proteobacteria","Alphaproteobacteria","Rhizobiales","Aliihoeflea",1.0955653347615,0.511285148399596,2.14276776509311,0.032131750910309,1,FALSE,0.559286684862288,0.641214872789045,0.872229744811752,0.383083055648043,1,FALSE,-0.536278649899211,0.820103052097642,-0.653916173738812,0.513165813193759,1,FALSE,4.60468709458989,0.200048314974723,1,FALSE
"Xanthobacteraceae","Xanthobacteraceae","Proteobacteria","Alphaproteobacteria","Rhizobiales","Aquabacter",-1.14311184578374,0.374074141466648,-3.05584299759906,0.00224428741061324,0.170565843206606,FALSE,-0.0913141756713586,0.339314597697833,-0.269113608111478,0.787842258847677,1,FALSE,1.05179767011238,0.50504045335483,2.08260083548874,0.0372876230042269,1,FALSE,16.8019107176471,0.000449305195566548,0.036843026036457,TRUE
"Rhodobacteraceae","Rhodobacteraceae","Proteobacteria","Alphaproteobacteria","Rhodobacterales","Aestuariivita",0.371381395913637,0.497897728816143,0.745898955588077,0.455728456203107,1,FALSE,-1.21448385438478,0.469887153452256,-2.58462876769876,0.00974838954738638,0.77987116379091,FALSE,-1.58586525029842,0.684613822048414,-2.31643767511646,0.0205343836894143,1,FALSE,27.905368378165,1.74363767621983e-06,0.000151696477831125,TRUE
"Anaplasmataceae","Anaplasmataceae","Proteobacteria","Alphaproteobacteria","Rickettsiales","Wolbachia",-0.113693092455754,0,-0.369377552336887,0,0,TRUE,-0.142816139495028,0.319432882139888,-0.447092793134818,0.654808062343129,1,FALSE,-0.0291230470392739,0.319432882139888,-0.0911710993689126,0.927356638654082,1,FALSE,0.204595030177599,0,0,TRUE
"Candidatus Hepatincola","Candidatus Hepatincola","Proteobacteria","Alphaproteobacteria","Rickettsiales",NA,-0.0819553718652689,0,-0.367527213051179,0,0,TRUE,0.0238409675409379,0.224051788612383,0.106408289300397,0.91525841650866,1,FALSE,0.105796339406207,0.224051788612383,0.472195915334726,0.636786955008771,1,FALSE,0.332891498581421,0,0,TRUE
"Mitochondria","Mitochondria","Proteobacteria","Alphaproteobacteria","Rickettsiales",NA,-0.436083328372237,0.283250376805955,-1.53956839630608,0.123665593981964,1,FALSE,-0.206678843727604,0.292742572064518,-0.706008840019529,0.480182640044093,1,FALSE,0.229404484644634,0.407343822169509,0.563171630842043,0.573318018670539,1,FALSE,2.65850458158048,0.529350174665655,1,FALSE
"Sphingomonadaceae","Sphingomonadaceae","Proteobacteria","Alphaproteobacteria","Sphingomonadales","Blastomonas",-1.6516677094565,0.263911847633254,-6.25840682890351,3.8893014225729e-10,3.50037128031561e-08,TRUE,-0.729207717801645,0.231359591963999,-3.15183698074257,0.00162246827844608,0.137909803667917,FALSE,0.922459991654857,0.350965417263505,2.62835010596578,0.00858001594081959,0.643501195561469,FALSE,41.8293699545746,1.65157279042672e-09,1.48641551138405e-07,TRUE
"Beggiatoaceae","Beggiatoaceae","Proteobacteria","Gammaproteobacteria","Beggiatoales",NA,-0.465167902283078,0.518362281256158,-0.897379919611101,0.36951622384333,1,FALSE,-0.131201450717977,0.541784575913013,-0.242165348647803,0.808652043796844,1,FALSE,0.333966451565101,0.749819965942714,0.445395517236222,0.656033951203824,1,FALSE,1.44124542351167,0.97289848792473,1,FALSE
"Alcaligenaceae","Alcaligenaceae","Proteobacteria","Gammaproteobacteria","Burkholderiales","Ampullimonas",0.174479439031962,0,0.742097811215488,0,0,TRUE,0.00803989057658025,0.232314771181822,0.0346077459288536,0.972392524843272,1,FALSE,-0.166439548455382,0.232314771181822,-0.716439801088314,0.473719826220201,1,FALSE,0.764595527006247,0,0,TRUE
"Burkholderiaceae","Burkholderiaceae","Proteobacteria","Gammaproteobacteria","Burkholderiales","Burkholderia-Caballeronia-Paraburkholderia",-0.721659543348264,0.207788125805224,-3.4730547790047,0.000514570318427666,0.0421947661110686,TRUE,-0.15703368155024,0.235486766872682,-0.666847159335884,0.504869765985708,1,FALSE,0.564625861798024,0.314054012230057,1.79786227785688,0.0721988352285301,1,FALSE,12.3323357696025,0.00419853046484357,0.310691254398424,FALSE
"Chitinibacteraceae","Chitinibacteraceae","Proteobacteria","Gammaproteobacteria","Burkholderiales","Chitinibacter",-0.506203228459699,0.392561815350449,-1.28948667105536,0.197228947232675,1,FALSE,-0.863005819057064,0.405086041682983,-2.13042595956057,0.0331364624954874,1,FALSE,-0.356802590597365,0.564091730162416,-0.632525831383191,0.527043334651691,1,FALSE,4.54252503467255,0.206363657934566,1,FALSE
"Comamonadaceae","Comamonadaceae","Proteobacteria","Gammaproteobacteria","Burkholderiales","Aquincola",-0.706072484543077,0.235469523481767,-2.99857269893253,0.0027124743471197,0.200723101686858,FALSE,0.0947782197256032,0.265067884782724,0.357562063028845,0.720671073014947,1,FALSE,0.80085070426868,0.354551660596757,2.25877014063548,0.0238976868197223,1,FALSE,15.3344460389313,0.000935830826345951,0.075802296934022,FALSE
"Methylophilaceae","Methylophilaceae","Proteobacteria","Gammaproteobacteria","Burkholderiales","Candidatus Methylopumilus",-0.0685777584583956,0.181908992771886,-0.376989380312783,0.706181496961682,1,FALSE,1.35097610721203,0,3.22636393688229,0,0,TRUE,1.41955386567042,0.181908992771886,7.80364864891835,5.99520433297585e-15,4.79616346638068e-13,TRUE,11.9296580720614,0,0,TRUE
"Oxalobacteraceae","Oxalobacteraceae","Proteobacteria","Gammaproteobacteria","Burkholderiales","Candidatus Zinderia",-0.205089741196505,0.490921023260672,-0.417765244263343,0.676118764434087,1,FALSE,-0.0306588443803755,0.520629744168281,-0.0588880000111284,0.953041316068752,1,FALSE,0.174430896816129,0.715582826507201,0.243760596753748,0.807416239116439,1,FALSE,0.317761848051145,0.293804127221292,1,FALSE
"T34","T34","Proteobacteria","Gammaproteobacteria","Burkholderiales",NA,0.290865876380992,0.518004036451657,0.561512760351121,0.574448033933973,1,FALSE,0.142528369652477,0.546222073849117,0.260934840381145,0.794142756554001,1,FALSE,-0.148337506728515,0.752785982693779,-0.197051366708107,0.843787340903653,1,FALSE,0.348327033300071,0.31968098728424,1,FALSE
"Diplorickettsiaceae","Diplorickettsiaceae","Proteobacteria","Gammaproteobacteria","Diplorickettsiales","Aquicella",-1.21522616376602,0.29543984471801,-4.11327783131595,3.90080444707458e-05,0.00327667573554265,TRUE,-0.6631043282705,0.323813294792611,-2.04779834223666,0.0405797628647643,1,FALSE,0.552121835495517,0.438337486112525,1.25958160775185,0.207820333821833,1,FALSE,17.2590036154153,0.000357507353379627,0.0296731103305091,TRUE
"Aeromonadaceae","Aeromonadaceae","Proteobacteria","Gammaproteobacteria","Enterobacterales","Aeromonas",-0.62477773178819,0.206312472312434,-3.02830810365185,0.00245927211861887,0.184445408896415,FALSE,-0.1235488556524,0.176966104462717,-0.698149829468776,0.485083498381245,1,FALSE,0.501228876135791,0.271812137993097,1.84402683352029,0.0651792296695954,1,FALSE,10.6163253143272,0.0099020301559852,0.683240080762978,FALSE
"Alteromonadaceae","Alteromonadaceae","Proteobacteria","Gammaproteobacteria","Enterobacterales","Alishewanella",-1.4879133697709,0.472855115523195,-3.1466580796627,0.00165147961809853,0.130466889829784,FALSE,-0.880536480186103,0.536870519862917,-1.64012820150925,0.100978513811647,1,FALSE,0.607376889584799,0.715417301562055,0.848982668239419,0.395890936474184,1,FALSE,10.1333632685102,0.0126066042729581,0.857249090561152,FALSE
"Enterobacteriaceae","Enterobacteriaceae","Proteobacteria","Gammaproteobacteria","Enterobacterales","Aquamonas",0.104242393269952,0,0.539401018745752,0,0,TRUE,0.260357151935771,0,1.23274505273675,0,0,TRUE,0.15611475866582,0,Inf,0,0,TRUE,1.52197148807641,0,0,TRUE
"Erwiniaceae","Erwiniaceae","Proteobacteria","Gammaproteobacteria","Enterobacterales","Erwinia",-0.662919500268012,0.425730100890044,-1.55713560981968,0.119438292047562,1,FALSE,-0.0453832277861284,0.420415062071419,-0.107948624776956,0.914036445454224,1,FALSE,0.617536272481884,0.598326786313602,1.03210534211018,0.302022771560972,1,FALSE,4.54241480329639,0.206375032123013,1,FALSE
"JI49D030","JI49D030","Proteobacteria","Gammaproteobacteria","Enterobacterales",NA,0.33749698711697,0,1.5949641153878,0,0,TRUE,0.310013560657852,0.244971478788043,1.26550879388733,0.205688998037795,1,FALSE,-0.0274834264591184,0.244971478788043,-0.112190311276595,0.910672511151574,1,FALSE,3.06910888285472,0,0,TRUE
"Morganellaceae","Morganellaceae","Proteobacteria","Gammaproteobacteria","Enterobacterales","Candidatus Hamiltonella",-1.06744496364071,0.401471275880808,-2.6588327179791,0.00784118848865552,0.541042005717231,FALSE,-0.597730209428246,0.458578928503837,-1.3034401981321,0.192424520325809,1,FALSE,0.469714754212463,0.609486520790322,0.770672915954537,0.440900829425387,1,FALSE,7.31570424797436,0.0515756847450662,1,FALSE
"Orbaceae","Orbaceae","Proteobacteria","Gammaproteobacteria","Enterobacterales","Gilliamella",0.382691222798071,0,1.94597150857869,0,0,TRUE,0.329454334766927,0,1.43630733986681,0,0,TRUE,-0.0532368880311434,0,-Inf,0,0,TRUE,4.23493596705662,0,0,TRUE
"Shewanellaceae","Shewanellaceae","Proteobacteria","Gammaproteobacteria","Enterobacterales","Shewanella",-0.396575182092776,0.409099662991476,-0.969385257354854,0.33235300521827,1,FALSE,-0.368715374456652,0.419177228498086,-0.879616900416468,0.379066880284876,1,FALSE,0.0278598076361238,0.585723555229833,0.0475647724722149,0.962063107730827,1,FALSE,1.00191476785201,0.788099490224296,1,FALSE
"Yersiniaceae","Yersiniaceae","Proteobacteria","Gammaproteobacteria","Enterobacterales","Rahnella",-1.98716576034989,0.640349031958482,-3.10325410233263,0.00191405221508511,0.147382020561553,FALSE,-2.02974406153132,0.653555903206108,-3.10569310379438,0.00189833625739059,0.159460245620809,FALSE,-0.0425783011814311,0.914976612458328,-0.0465348519313879,0.962883956339915,1,FALSE,10.7025017730028,0.00948443062925517,0.673394574677117,FALSE
"Legionellaceae","Legionellaceae","Proteobacteria","Gammaproteobacteria","Legionellales","Legionella",-0.618508865679939,0.443131297012288,-1.39576886094504,0.162784110248148,1,FALSE,-0.00967678235837275,0.478523594691914,-0.0202221634747246,0.983866147603543,1,FALSE,0.608832083321567,0.652188758772078,0.933521277594324,0.350550889720353,1,FALSE,3.6953470215438,0.31520680548936,1,FALSE
"Moraxellaceae","Moraxellaceae","Proteobacteria","Gammaproteobacteria","Pseudomonadales","Acinetobacter",-0.948009649719951,0.304435720951593,-3.1139895369594,0.00184576035113823,0.143969307388782,FALSE,-0.252652457892532,0.293415886095157,-0.861072865736365,0.389197912618895,1,FALSE,0.695357191827419,0.422816733827225,1.64458295094716,0.100055845116222,1,FALSE,11.5481361795574,0.00621418368105136,0.447421225035698,FALSE
"Pseudomonadaceae","Pseudomonadaceae","Proteobacteria","Gammaproteobacteria","Pseudomonadales","Azomonas",-0.815060372850293,0.113780720011584,-7.16343131566853,7.86822934351655e-13,7.16008870260006e-11,TRUE,-0.372140920009909,0.089767900008666,-4.1455901271388,3.38939647853796e-05,0.00305045683068416,TRUE,0.442919452840384,0.144928700119474,3.05611968143824,0.00224221735974761,0.172650736700566,FALSE,58.5004843498156,3.96105821102612e-13,3.60456297203377e-11,TRUE
"Tenderiaceae","Tenderiaceae","Proteobacteria","Gammaproteobacteria","Tenderiales","Candidatus Tenderia",-0.579195125680698,0.405156229691487,-1.42955996535395,0.152843352761148,1,FALSE,-0.511688246931892,0,-1.23400260657747,0,0,TRUE,0.0675068787488061,0.405156229691487,0.166619377419447,0.86766954586082,1,FALSE,2.07121067219494,0,0,TRUE
"Thiotrichaceae","Thiotrichaceae","Proteobacteria","Gammaproteobacteria","Thiotrichales","Thiothrix",-0.0685777584583944,0.181908992771883,-0.376989380312782,0.706181496961682,1,FALSE,1.96089242814469,0,3.47517926989092,0,0,TRUE,2.02947018660309,0.181908992771883,11.1565137912015,0,0,TRUE,13.174715457826,0,0,TRUE
"Xanthomonadaceae","Xanthomonadaceae","Proteobacteria","Gammaproteobacteria","Xanthomonadales","Arenimonas",-0.5874880595062,0.296742418339402,-1.97979130450522,0.0477269838657496,1,FALSE,-0.474626967310543,0.334797703840517,-1.41765299422912,0.156292099996232,1,FALSE,0.112861092195657,0.447376312894189,0.252273285247335,0.800829835760352,1,FALSE,3.98319531376383,0.272954414847028,1,FALSE
"Chthoniobacteraceae","Chthoniobacteraceae","Verrucomicrobiota","Verrucomicrobiae","Chthoniobacterales","Chthoniobacter",-0.289482134631614,0.312838616986483,-0.925340155956903,0.354788997111998,1,FALSE,-0.438028031716134,0.302352465275306,-1.44873312449194,0.147412126147295,1,FALSE,-0.14854589708452,0.435068975607398,-0.341430682059403,0.732779380371888,1,FALSE,2.09967055754851,0.699990792067657,1,FALSE
"Terrimicrobiaceae","Terrimicrobiaceae","Verrucomicrobiota","Verrucomicrobiae","Chthoniobacterales","Terrimicrobium",-0.795500752619217,0.239581421918465,-3.32037745768929,0.000898958148189589,0.0719166518551671,FALSE,-0.153499389268381,0.249337965971405,-0.61562782334554,0.538140183580155,1,FALSE,0.642001363350836,0.34578704285041,1.85663799909521,0.0633626739226343,1,FALSE,13.2944049891398,0.00259529441517958,0.205028258799187,FALSE
"Rubritaleaceae","Rubritaleaceae","Verrucomicrobiota","Verrucomicrobiae","Verrucomicrobiales","Luteolibacter",0.348463065343048,0.331525317317576,1.05109036064732,0.293217090831033,1,FALSE,0.37782884651222,0.370226083011462,1.02053546157234,0.307474579999282,1,FALSE,0.0293657811691722,0.496967190631865,0.059089979625889,0.9528804397971,1,FALSE,1.48670821014417,0.951032612179465,1,FALSE
"Verrucomicrobiaceae","Verrucomicrobiaceae","Verrucomicrobiota","Verrucomicrobiae","Verrucomicrobiales","Brevifollis",-0.555550631235913,0.244783560214897,-2.26955858779156,0.0232343786737247,1,FALSE,-0.574460294321446,0.210561967515654,-2.7282243849604,0.00636762774358781,0.515777847230612,FALSE,-0.0189096630855328,0.322885945057296,-0.0585645283574583,0.953298964437161,1,FALSE,10.0525879763966,0.013126176877878,0.878581901290276,FALSE
"Unknown","Unknown",NA,NA,NA,NA,0.338860896851865,0.189966252356861,1.78379524072149,0.0744569432196745,1,FALSE,-0.174622845594268,0.238264191792615,-0.732895884524097,0.463621933397124,1,FALSE,-0.513483742446133,0.304724469193235,-1.68507551692712,0.0919740025975542,1,FALSE,3.88146142508027,0.287197963709785,1,FALSE
