ASV,W_stat,threshold,detected,ASV_ID,Kingdom,Phylum,Class,Order,Family,Genus,Species
ASV1,160,112,TRUE,,,,,,,,
ASV2,127,112,TRUE,,,,,,,,
ASV3,59,112,FALSE,,,,,,,,
ASV4,54,112,FALSE,,,,,,,,
ASV5,90,112,FALSE,,,,,,,,
ASV6,81,112,FALSE,,,,,,,,
ASV7,79,112,FALSE,,,,,,,,
ASV8,72,112,FALSE,,,,,,,,
ASV9,82,112,FALSE,,,,,,,,
ASV10,100,112,FALSE,,,,,,,,
ASV11,71,112,FALSE,,,,,,,,
ASV12,77,112,FALSE,,,,,,,,
ASV13,76,112,FALSE,,,,,,,,
ASV14,139,112,TRUE,,,,,,,,
ASV15,62,112,FALSE,,,,,,,,
ASV16,26,112,FALSE,,,,,,,,
ASV17,75,112,FALSE,,,,,,,,
ASV19,84,112,FALSE,,,,,,,,
ASV21,70,112,FALSE,,,,,,,,
ASV22,81,112,FALSE,,,,,,,,
ASV23,71,112,FALSE,,,,,,,,
ASV24,95,112,FALSE,,,,,,,,
ASV25,72,112,FALSE,,,,,,,,
ASV26,67,112,FALSE,,,,,,,,
ASV27,96,112,FALSE,,,,,,,,
ASV28,74,112,FALSE,,,,,,,,
ASV29,87,112,FALSE,,,,,,,,
ASV31,150,112,TRUE,,,,,,,,
ASV32,93,112,FALSE,,,,,,,,
ASV34,91,112,FALSE,,,,,,,,
ASV35,147,112,TRUE,,,,,,,,
ASV36,75,112,FALSE,,,,,,,,
ASV37,82,112,FALSE,,,,,,,,
ASV38,73,112,FALSE,,,,,,,,
ASV39,119,112,TRUE,,,,,,,,
ASV42,89,112,FALSE,,,,,,,,
ASV43,79,112,FALSE,,,,,,,,
ASV44,62,112,FALSE,,,,,,,,
ASV45,80,112,FALSE,,,,,,,,
ASV46,117,112,TRUE,,,,,,,,
ASV47,83,112,FALSE,,,,,,,,
ASV48,64,112,FALSE,,,,,,,,
ASV49,22,112,FALSE,,,,,,,,
ASV50,126,112,TRUE,,,,,,,,
ASV53,74,112,FALSE,,,,,,,,
ASV55,152,112,TRUE,,,,,,,,
ASV57,146,112,TRUE,,,,,,,,
ASV59,158,112,TRUE,,,,,,,,
ASV62,111,112,FALSE,,,,,,,,
ASV67,38,112,FALSE,,,,,,,,
ASV68,140,112,TRUE,,,,,,,,
ASV71,134,112,TRUE,,,,,,,,
ASV75,136,112,TRUE,,,,,,,,
ASV77,70,112,FALSE,,,,,,,,
ASV78,132,112,TRUE,,,,,,,,
ASV80,75,112,FALSE,,,,,,,,
ASV82,97,112,FALSE,,,,,,,,
ASV83,88,112,FALSE,,,,,,,,
ASV84,119,112,TRUE,,,,,,,,
ASV85,22,112,FALSE,,,,,,,,
ASV88,36,112,FALSE,,,,,,,,
ASV90,67,112,FALSE,,,,,,,,
ASV91,150,112,TRUE,,,,,,,,
ASV97,41,112,FALSE,,,,,,,,
ASV98,100,112,FALSE,,,,,,,,
ASV99,112,112,FALSE,,,,,,,,
ASV100,144,112,TRUE,,,,,,,,
ASV101,53,112,FALSE,,,,,,,,
ASV103,115,112,TRUE,,,,,,,,
ASV104,56,112,FALSE,,,,,,,,
ASV105,54,112,FALSE,,,,,,,,
ASV108,56,112,FALSE,,,,,,,,
ASV110,61,112,FALSE,,,,,,,,
ASV112,137,112,TRUE,,,,,,,,
ASV113,133,112,TRUE,,,,,,,,
ASV115,75,112,FALSE,,,,,,,,
ASV118,39,112,FALSE,,,,,,,,
ASV119,120,112,TRUE,,,,,,,,
ASV120,138,112,TRUE,,,,,,,,
ASV121,72,112,FALSE,,,,,,,,
ASV123,49,112,FALSE,,,,,,,,
ASV125,72,112,FALSE,,,,,,,,
ASV129,89,112,FALSE,,,,,,,,
ASV130,86,112,FALSE,,,,,,,,
ASV131,157,112,TRUE,,,,,,,,
ASV132,121,112,TRUE,,,,,,,,
ASV135,116,112,TRUE,,,,,,,,
ASV137,39,112,FALSE,,,,,,,,
ASV138,126,112,TRUE,,,,,,,,
ASV139,86,112,FALSE,,,,,,,,
ASV141,127,112,TRUE,,,,,,,,
ASV142,42,112,FALSE,,,,,,,,
ASV143,80,112,FALSE,,,,,,,,
ASV146,52,112,FALSE,,,,,,,,
ASV147,73,112,FALSE,,,,,,,,
ASV155,78,112,FALSE,,,,,,,,
ASV156,41,112,FALSE,,,,,,,,
ASV158,128,112,TRUE,,,,,,,,
ASV162,64,112,FALSE,,,,,,,,
ASV165,55,112,FALSE,,,,,,,,
ASV168,61,112,FALSE,,,,,,,,
ASV170,44,112,FALSE,,,,,,,,
ASV171,78,112,FALSE,,,,,,,,
ASV177,52,112,FALSE,,,,,,,,
ASV184,122,112,TRUE,,,,,,,,
ASV185,74,112,FALSE,,,,,,,,
ASV186,72,112,FALSE,,,,,,,,
ASV189,73,112,FALSE,,,,,,,,
ASV190,65,112,FALSE,,,,,,,,
ASV193,60,112,FALSE,,,,,,,,
ASV203,62,112,FALSE,,,,,,,,
ASV204,56,112,FALSE,,,,,,,,
ASV206,120,112,TRUE,,,,,,,,
ASV211,99,112,FALSE,,,,,,,,
ASV221,57,112,FALSE,,,,,,,,
ASV224,66,112,FALSE,,,,,,,,
ASV226,62,112,FALSE,,,,,,,,
ASV228,129,112,TRUE,,,,,,,,
ASV234,51,112,FALSE,,,,,,,,
ASV235,70,112,FALSE,,,,,,,,
ASV236,52,112,FALSE,,,,,,,,
ASV239,48,112,FALSE,,,,,,,,
ASV243,55,112,FALSE,,,,,,,,
ASV244,49,112,FALSE,,,,,,,,
ASV247,125,112,TRUE,,,,,,,,
ASV249,45,112,FALSE,,,,,,,,
ASV251,53,112,FALSE,,,,,,,,
ASV255,73,112,FALSE,,,,,,,,
ASV259,67,112,FALSE,,,,,,,,
ASV263,48,112,FALSE,,,,,,,,
ASV268,49,112,FALSE,,,,,,,,
ASV271,70,112,FALSE,,,,,,,,
ASV277,57,112,FALSE,,,,,,,,
ASV278,49,112,FALSE,,,,,,,,
ASV289,50,112,FALSE,,,,,,,,
ASV291,77,112,FALSE,,,,,,,,
ASV295,71,112,FALSE,,,,,,,,
ASV299,65,112,FALSE,,,,,,,,
ASV303,146,112,TRUE,,,,,,,,
ASV304,50,112,FALSE,,,,,,,,
ASV321,49,112,FALSE,,,,,,,,
ASV323,56,112,FALSE,,,,,,,,
ASV327,55,112,FALSE,,,,,,,,
ASV336,82,112,FALSE,,,,,,,,
ASV339,53,112,FALSE,,,,,,,,
ASV346,110,112,FALSE,,,,,,,,
ASV352,100,112,FALSE,,,,,,,,
ASV355,55,112,FALSE,,,,,,,,
ASV357,78,112,FALSE,,,,,,,,
ASV379,111,112,FALSE,,,,,,,,
ASV394,107,112,FALSE,,,,,,,,
ASV395,78,112,FALSE,,,,,,,,
ASV404,58,112,FALSE,,,,,,,,
ASV405,83,112,FALSE,,,,,,,,
ASV406,81,112,FALSE,,,,,,,,
ASV414,52,112,FALSE,,,,,,,,
ASV445,81,112,FALSE,,,,,,,,
ASV447,79,112,FALSE,,,,,,,,
ASV471,88,112,FALSE,,,,,,,,
ASV472,88,112,FALSE,,,,,,,,
ASV557,91,112,FALSE,,,,,,,,
