sample_name,Sample _info,Type,Pond,Clone,Plastic,Category,Comparison,Plastic_content,Dominant_Topic,Topic_0,Topic_1,Topic_2,Topic_3,Topic_4,Topic_5
NA100,F BP PET2,Daphnia,BP,F,PET,Daphnia: Post-Long-exposure (selected survivals),Pre-Post-Long,YES,Topic_2,2.1519852e-06,2.0736702e-06,0.99999046,6.4418225e-07,1.4447742e-06,3.1720183e-06
NA101,KNO15.04 DG Nylon1,Daphnia,DG,KNO15.04,Nylon,Daphnia: Post-Long-exposure (selected survivals),Pre-Post-Long,YES,Topic_2,2.7945725e-06,2.6928724e-06,0.9999877,8.3653634e-07,1.8761867e-06,4.1191897e-06
NA102,BH PLA1 BP,Daphnia,BP,BH,PLA,Daphnia: Post-Long-exposure (selected survivals),Pre-Post-Long,YES,Topic_2,2.6908322e-06,0.0116060665,0.9883847,8.054824e-07,1.8065388e-06,3.966277e-06
NA103,BH PET2 BP,Daphnia,BP,BH,PET,Daphnia: Post-Long-exposure (selected survivals),Pre-Post-Long,YES,Topic_2,2.189142e-06,2.1094747e-06,0.9999903,6.5530486e-07,1.46972e-06,3.2267872e-06
NA104,F PLA2 BP,Daphnia,BP,F,PLA,Daphnia: Post-Long-exposure (selected survivals),Pre-Post-Long,YES,Topic_2,2.12034e-06,2.0431764e-06,0.9999906,6.347094e-07,1.4235285e-06,3.125373e-06
NA105,F PET2 BP,Daphnia,BP,F,PET,Daphnia: Post-Long-exposure (selected survivals),Pre-Post-Long,YES,Topic_2,2.2834588e-06,2.200359e-06,0.98712564,6.835379e-07,1.5330412e-06,0.012867594
NA106,NYLON1 BH  DG,Daphnia,DG,BH,Nylon,Daphnia: Post-Long-exposure (selected survivals),Pre-Post-Long,YES,Topic_2,2.5024194e-06,2.4113513e-06,0.99998885,7.490823e-07,1.6800443e-06,3.6885567e-06
NA107,F PET2 BP,Daphnia,BP,F ,PET,Daphnia: Post-Long-exposure (selected survivals),Pre-Post-Long,YES,Topic_2,2.1133765e-06,2.0364662e-06,0.9999906,6.326249e-07,1.4188533e-06,3.115109e-06
NA108,KNO15.04 Nylon1 BP,Daphnia,BP,KNO15.04,Nylon,Daphnia: Post-Long-exposure (selected survivals),Pre-Post-Long,YES,Topic_2,5.092685e-06,4.907352e-06,0.9999776,1.5244608e-06,3.419066e-06,7.506599e-06
NA109,KNO15.04 Nylon1 BP,Daphnia,BP,KNO15.04,Nylon,Daphnia: Post-Long-exposure (selected survivals),Pre-Post-Long,YES,Topic_1,0.034982886,0.54765826,0.41735414,5.73271e-07,1.2857341e-06,2.8228442e-06
NA133,F,Daphnia,,F,Control,Daphnia: Pre-exposure : Clone control,Pre-Post-Long,NO,Topic_2,3.06493e-06,2.953391e-06,0.99182713,9.174661e-07,0.008161399,4.5176957e-06
NA134,F,Daphnia,,F,Control,Daphnia: Pre-exposure : Clone control,Pre-Post-Long,NO,Topic_2,3.0579151e-06,2.9466314e-06,0.9692934,9.153662e-07,0.03069515,4.5073557e-06
NA137,F,Daphnia,,F,Control,Daphnia: Pre-exposure : Clone control,Pre-Post-Long,NO,Topic_4,1.3968272e-06,1.3459937e-06,6.336226e-06,4.1813075e-07,0.9999885,2.058918e-06
NA141,KNO15.04,Daphnia,,KNO15.04,Control,Daphnia: Pre-exposure : Clone control,Pre-Post-Long,NO,Topic_2,2.168726e-06,2.0898017e-06,0.99999034,6.4919345e-07,1.4560134e-06,3.196694e-06
NA142,KNO15.04,Daphnia,,KNO15.04,Control,Daphnia: Pre-exposure : Clone control,Pre-Post-Long,NO,Topic_2,2.3311256e-06,2.2462912e-06,0.8695285,6.978066e-07,0.1304628,3.4360703e-06
NA145,KNO15.04,Daphnia,,KNO15.04,Control,Daphnia: Pre-exposure : Clone control,Pre-Post-Long,NO,Topic_2,2.6735613e-06,2.576265e-06,0.99998826,8.003125e-07,1.7949436e-06,3.940819e-06
NA149,BH,Daphnia,,BH,Control,Daphnia: Pre-exposure : Clone control,Pre-Post-Long,NO,Topic_2,2.2139336e-06,2.133364e-06,0.99999017,6.62726e-07,1.4863642e-06,3.2633297e-06
NA150,BH,Daphnia,,BH,Control,Daphnia: Pre-exposure : Clone control,Pre-Post-Long,NO,Topic_2,2.171057e-06,2.092048e-06,0.9533436,6.4989126e-07,0.046648294,3.20013e-06
NA153,BH,Daphnia,,BH,Control,Daphnia: Pre-exposure : Clone control,Pre-Post-Long,NO,Topic_2,2.7819701e-06,2.6807284e-06,0.9999878,8.327639e-07,1.8677257e-06,4.1006133e-06
NA157,DG KNO15.04 C1-J,Daphnia,DG,KNO15.04,C,Daphnia: Juvenile: Post-exposure,,NO,Topic_1,1.3818893e-06,0.9999889,6.2689587e-06,4.136592e-07,9.2775633e-07,2.0368998e-06
NA158,DG KNO15.04 C2-J,Daphnia,DG,KNO15.05,C,Daphnia: Juvenile: Post-exposure,,NO,Topic_1,1.6300821e-06,0.838887,0.16110735,4.879541e-07,1.0943851e-06,2.402735e-06
NA159,DG BH Nylon1-J,Daphnia,DG,BH,Nylon,Daphnia: Juvenile: Post-exposure,,YES,Topic_1,1.7277353e-06,0.5983635,0.4016305,5.1718587e-07,1.1599462e-06,2.5466754e-06
NA160,DG BH C2-J,Daphnia,DG,BH,C,Daphnia: Juvenile: Post-exposure,,NO,Topic_1,2.2942281e-06,0.5709618,0.17574137,6.8676167e-07,0.15919888,0.09409504
NA161,DG BH PLA1-J,Daphnia,DG,BH,PLA,Daphnia: Juvenile: Post-exposure,,YES,Topic_5,2.306143e-06,2.2222177e-06,0.2954453,6.903283e-07,1.5482707e-06,0.70454794
NA162,DG BH PET1-J,Daphnia,DG,BH,PET,Daphnia: Juvenile: Post-exposure,,YES,Topic_2,2.751972e-06,2.6518221e-06,0.9999879,8.2378415e-07,1.847586e-06,4.0563964e-06
NA163,DG F PLA1-J,Daphnia,DG,F,PLA,Daphnia: Juvenile: Post-exposure,,YES,Topic_1,2.0556265e-06,0.665806,9.324886e-06,6.153379e-07,1.380082e-06,0.3341806
NA164,DG F PET1-J,Daphnia,DG,F,PET,Daphnia: Juvenile: Post-exposure,,YES,Topic_1,2.4288681e-06,0.5955998,0.4043918,7.2706524e-07,1.6306644e-06,3.5801424e-06
NA165,DG KNO15.04 PET1-J,Daphnia,DG,KNO15,PET,Daphnia: Juvenile: Post-exposure,,YES,Topic_2,1.9285126e-06,0.020863585,0.97912973,5.7728715e-07,1.2947417e-06,2.8426202e-06
NA166,DG F Nylon1-J,Daphnia,DG,F ,Nylon,Daphnia: Juvenile: Post-exposure,,YES,Topic_2,2.8283014e-06,0.04722022,0.95277005,8.466328e-07,1.8988311e-06,4.1689054e-06
NA167,DG KNO15.04 Nylon1-J,Daphnia,DG,KNO15.04,Nylon,Daphnia: Juvenile: Post-exposure,,YES,Topic_1,1.6044052e-06,0.9999871,7.278346e-06,4.8026783e-07,1.0771463e-06,2.3648872e-06
NA168,BP BH PLA2-J ,Daphnia,BP,BH,PLA,Daphnia: Juvenile: Post-exposure,,YES,Topic_2,2.4325232e-06,2.3439986e-06,0.9929882,7.281593e-07,1.6331182e-06,0.007004511
NA169,BP KNO15.04 NYLON1-J,Daphnia,BP,KNO15.04,Nylon,Daphnia: Juvenile: Post-exposure,,YES,Topic_3,0.071842045,2.1083406e-06,0.07656865,0.8515825,1.4689299e-06,3.2250525e-06
NA170,BP KNO15.04 C1-J,Daphnia,BP,KNO15.04,C,Daphnia: Juvenile: Post-exposure,,NO,Topic_5,2.2969907e-06,2.2133986e-06,0.4455679,6.875886e-07,1.5421261e-06,0.55442536
NA171,BP BH Nylon1-J,Daphnia,BP,BH,Nylon,Daphnia: Juvenile: Post-exposure,,YES,Topic_5,2.287822e-06,2.2045635e-06,0.278368,0.2643249,1.5359706e-06,0.45730108
NA172,BP BH PET1 -J,Daphnia,BP,BH,PET,Daphnia: Juvenile: Post-exposure,,YES,Topic_2,2.4204196e-06,2.3323355e-06,0.8262535,0.17176938,0.0019687766,3.5676894e-06
NA173,BP KNO15.04 PET1-J,Daphnia,BP,KNO15.04,PET,Daphnia: Juvenile: Post-exposure,,YES,Topic_0,0.6733023,2.0083562e-06,0.26859665,0.057848625,1.3992683e-06,0.0002489246
NA174,BP BH PET2-J,Daphnia,BP,BH,PET,Daphnia: Juvenile: Post-exposure,,YES,Topic_2,2.5726451e-06,2.4790213e-06,0.9820124,7.701039e-07,0.017978031,3.7920693e-06
NA175,BP KNO15.04 C2-J,Daphnia,BP,KNO15.04,C,Daphnia: Juvenile: Post-exposure,,NO,Topic_2,3.481975e-06,3.3552587e-06,0.9983034,1.0423056e-06,0.0016835658,5.132418e-06
NA176,BP BH PLA1-J,Daphnia,BP,BH,PLA,Daphnia: Juvenile: Post-exposure,,YES,Topic_2,2.4620515e-06,2.3724524e-06,0.9971259,7.3699846e-07,0.002864869,3.6290546e-06
NA177,F Nylon3 BP-J,Daphnia,BP,F,Nylon,Daphnia: Juvenile: Post-exposure,,YES,Topic_4,1.4697674e-06,1.4162796e-06,0.27546936,4.399649e-07,0.72452515,2.1664316e-06
NA178,BP BH PET3-J ,Daphnia,BP,BH,PET,Daphnia: Juvenile: Post-exposure,,YES,Topic_2,2.284485e-06,2.2013478e-06,0.99754083,6.838451e-07,0.0024505255,3.367322e-06
NA179,BP F C2-J,Daphnia,BP,F,C,Daphnia: Juvenile: Post-exposure,,NO,Topic_2,0.06103753,0.01022364,0.6973256,0.050916705,1.4226832e-06,0.18049505
NA180,BP BH Nylon2-J,Daphnia,BP,BH,Nylon,Daphnia: Juvenile: Post-exposure,,YES,Topic_5,2.362637e-06,2.2766558e-06,0.30836466,7.072394e-07,1.5861989e-06,0.6916284
NA181,BP BH C1-J,Daphnia,BP,BH,C,Daphnia: Juvenile: Post-exposure,,NO,Topic_2,2.119097e-06,2.0419789e-06,0.8565247,0.00983087,1.422694e-06,0.13363886
NA182,BP F PLA1-J,Daphnia,BP,F,PLA,Daphnia: Juvenile: Post-exposure,,YES,Topic_2,0.24539575,0.0041912156,0.71682554,0.031977423,1.4396389e-06,0.001608588
NA183,BP F Nylon2-J,Daphnia,BP,F,Nylon,Daphnia: Juvenile: Post-exposure,,YES,Topic_3,1.7391167e-06,1.6758266e-06,0.18991838,0.77052164,0.039554004,2.5634515e-06
NA185,BP F PET1-J,Daphnia,BP,F,PET,Daphnia: Juvenile: Post-exposure,,YES,Topic_2,2.1912354e-06,2.1114918e-06,0.96907914,0.022960424,0.007952875,3.2298728e-06
NA192,BP KNO15.04 Nylon2-J,Daphnia,BP,KNO15.04,Nylon,Daphnia: Juvenile: Post-exposure,,YES,Topic_5,0.089158945,1.8630177e-06,0.043256324,5.7874337e-07,1.2980076e-06,0.867581
NA194,BP KNO15.04 PET2-J,Daphnia,BP,KNO15.04,PET,Daphnia: Juvenile: Post-exposure,,YES,Topic_2,2.4821213e-06,2.391792e-06,0.999989,7.4300624e-07,1.6664169e-06,3.6586378e-06
NA195,BP KNO15.04 PLA3-J,Daphnia,BP,KNO15.04,PLA,Daphnia: Juvenile: Post-exposure,,YES,Topic_2,2.4957835e-06,2.4049568e-06,0.99029803,7.470959e-07,0.009692582,3.6787758e-06
NA197,BP KNO15.04 C3-J,Daphnia,BP,KNO15.04,C,Daphnia: Juvenile: Post-exposure,,NO,Topic_2,2.6533162e-06,2.5567565e-06,0.9794287,7.9425223e-07,0.016675247,0.003890039
NA199,DG BH PLA3-J,Daphnia,DG,BH,PLA,Daphnia: Juvenile: Post-exposure,,YES,Topic_1,1.7759355e-06,0.90805143,0.09194238,5.3161426e-07,1.1923064e-06,2.6177224e-06
NA200,KNO15.04 PLA3 DG-J,Daphnia,DG,KNO15.04,PLA,Daphnia: Juvenile: Post-exposure,,YES,Topic_2,2.0963619e-06,2.020071e-06,0.6112017,6.2753173e-07,0.38879052,3.0900296e-06
NA202,KNO15.04 Nylon2 DG-J,Daphnia,DG,KNO15.04,Nylon,Daphnia: Juvenile: Post-exposure,,YES,Topic_2,2.0039397e-06,0.003448526,0.51238483,5.9986576e-07,0.0048589543,0.47930503
NA203,KNO15.04 PET3 DG-J,Daphnia,DG,KNO15.04,PET,Daphnia: Juvenile: Post-exposure,,YES,Topic_1,0.013302209,0.5338005,0.4528918,6.675174e-07,1.4971104e-06,3.286923e-06
NA204,BH PET3 DG-J,Daphnia,DG,BH,PET,Daphnia: Juvenile: Post-exposure,,YES,Topic_2,0.009524675,2.2110626e-06,0.99046737,6.8686296e-07,1.5404987e-06,3.3821827e-06
NA205,DG BH Nylon2-J,Daphnia,DG,BH,Nylon,Daphnia: Juvenile: Post-exposure,,YES,Topic_2,3.1261038e-06,3.0123385e-06,0.99998623,9.35778e-07,2.0987661e-06,4.6078653e-06
NA207,KNO15.04 C3 DG-J,Daphnia,DG,KNO15.04,C,Daphnia: Juvenile: Post-exposure,,NO,Topic_5,1.934581e-06,0.29729083,8.7755225e-06,5.791037e-07,0.043320507,0.6593774
NA208,DG BH C3-J,Daphnia,DG,BH,C,Daphnia: Juvenile: Post-exposure,,NO,Topic_2,2.072982e-06,1.997542e-06,0.99999076,6.205331e-07,1.3917339e-06,3.0555677e-06
NA219,DG F NYylon3-J,Daphnia,DG,F,Nylon,Daphnia: Juvenile: Post-exposure,,YES,Topic_2,1.9096854e-06,0.012048563,0.52946085,5.7165136e-07,0.001952681,0.45653546
NA223,BP KNO15.04 PET3 A,Daphnia,BP,KNO15.04,PET,Daphnia: Post-exposure,Pre-Post-Long,YES,Topic_5,1.6328158e-06,1.5733943e-06,0.050705954,0.010054874,1.0962203e-06,0.9392349
NA224,BP F PET1 A,Daphnia,BP,F,PET,Daphnia: Post-exposure,Pre-Post-Long,YES,Topic_3,2.3496025e-06,2.2640957e-06,0.41407248,0.58591783,1.5774481e-06,3.4633053e-06
NA225,BP F C1 A,Daphnia,BP,F,C,Daphnia: Post-exposure,Pre-Post-Long,NO,Topic_5,1.8435267e-06,1.776437e-06,0.007600426,0.015017224,1.2376848e-06,0.97737753
NA226,BP KNO15.04 C1 A,Daphnia,BP,KNO15.04,C,Daphnia: Post-exposure,Pre-Post-Long,NO,Topic_2,1.913446e-06,0.0027557907,0.99723756,5.727771e-07,1.2846265e-06,2.8204122e-06
NA227,DG KNO15.04 Nylon3,Daphnia,DG,KNO15.04,Nylon,Daphnia: Post-exposure,Pre-Post-Long,YES,Topic_2,2.9226053e-06,2.8162456e-06,0.9999871,8.7486205e-07,1.9621436e-06,4.307909e-06
NA228,BP KNO15.04 PET2 A,Daphnia,BP,KNO15.04,PET,Daphnia: Post-exposure,Pre-Post-Long,YES,Topic_5,1.8481562e-06,1.7808981e-06,8.3840005e-06,0.105423555,0.006940911,0.8876235
NA229,BP F PLA2 A,Daphnia,BP,F,PLA,Daphnia: Post-exposure,Pre-Post-Long,YES,Topic_5,2.0238792e-06,1.950226e-06,0.20571555,0.016451992,1.3587678e-06,0.77782714
NA230,BP F Nylon2 A,Daphnia,BP,F,Nylon,Daphnia: Post-exposure,Pre-Post-Long,YES,Topic_2,2.18362e-06,2.1041535e-06,0.7094811,6.5365185e-07,0.07013821,0.22037575
NA231,BP BH PET1 A,Daphnia,BP,BH,PET,Daphnia: Post-exposure,Pre-Post-Long,YES,Topic_0,0.5528854,1.714168e-06,0.0800265,5.3250346e-07,1.1943006e-06,0.36708465
NA232,DG F Nylon3 A,Daphnia,DG,F,Nylon,Daphnia: Post-exposure,Pre-Post-Long,YES,Topic_1,1.947839e-06,0.84678483,0.073712096,0.014512087,0.021375136,0.043613836
NA233,DG BH PLA1 A,Daphnia,DG,BH,PLA,Daphnia: Post-exposure,Pre-Post-Long,YES,Topic_1,2.0674836e-06,0.5001524,0.27062762,6.188872e-07,1.3880424e-06,0.2292159
NA234,BP KNO15.04 Nylon2-J,Daphnia,BP,KNO15.04,Nylon,Daphnia: Post-exposure,Pre-Post-Long,YES,Topic_4,0.050135296,1.8420965e-06,8.672192e-06,5.7224423e-07,0.9498508,2.8177883e-06
NA235,BP F PET2 A,Daphnia,BP,F,PET,Daphnia: Post-exposure,Pre-Post-Long,YES,Topic_2,2.3991886e-06,2.311877e-06,0.99998933,7.1818084e-07,1.6107384e-06,3.5363948e-06
NA236,BP F C3 A,Daphnia,BP,F,C,Daphnia: Post-exposure,Pre-Post-Long,NO,Topic_3,1.7841239e-06,1.719196e-06,0.04174416,0.9582485,1.1978037e-06,2.6297919e-06
NA237,BP BH C1 A,Daphnia,BP,BH,C,Daphnia: Post-exposure,Pre-Post-Long,NO,Topic_5,1.9725578e-06,1.9007724e-06,0.38659272,0.037600983,1.3243123e-06,0.57580113
NA238,BP BH Nylon1 A,Daphnia,BP,BH,Nylon,Daphnia: Post-exposure,Pre-Post-Long,YES,Topic_3,2.7345318e-06,2.6350165e-06,0.105319984,0.8946689,1.8358772e-06,4.0306895e-06
NA239,F Nylon1 A BP,Daphnia,BP,F,Nylon,Daphnia: Post-exposure,Pre-Post-Long,YES,Topic_3,1.7488387e-06,1.6851949e-06,7.933601e-06,0.52883965,1.1741143e-06,0.47114784
NA240,DG BH Nylon1 A,Daphnia,DG,BH,Nylon,Daphnia: Post-exposure,Pre-Post-Long,YES,Topic_1,0.13968414,0.83329123,0.026927542,5.415026e-07,1.2144839e-06,9.519888e-05
NA241,F DG Nylon2,Daphnia,DG,F,Nylon,Daphnia: Post-exposure,Pre-Post-Long,YES,Topic_0,0.5070639,0.009684463,9.073288e-06,5.9871536e-07,0.075417124,0.40782478
NA242,BP F PLA3 A,Daphnia,BP,F,PLA,Daphnia: Post-exposure,Pre-Post-Long,YES,Topic_0,0.99610186,1.8218299e-06,0.0038916597,5.659484e-07,1.2693112e-06,2.7867873e-06
NA243,BP F Nylon3 A,Daphnia,BP,F,Nylon,Daphnia: Post-exposure,Pre-Post-Long,YES,Topic_2,2.3084465e-06,2.2244374e-06,0.9973209,6.910178e-07,1.5498172e-06,0.0026722315
NA244,BP KNO15.04 C2 A,Daphnia,BP,KNO15.04,C,Daphnia: Post-exposure,Pre-Post-Long,NO,Topic_2,1.8635875e-06,1.7957677e-06,0.57735753,0.0018679601,1.2511531e-06,0.42076957
NA245,DG BH nylon3 A,Daphnia,DG,BH,Nylon,Daphnia: Post-exposure,Pre-Post-Long,YES,Topic_2,1.9360507e-06,0.35485142,0.5444851,5.7954367e-07,1.2998026e-06,0.10065958
NA246,BP F PET3 A,Daphnia,BP,F,PET,Daphnia: Post-exposure,Pre-Post-Long,YES,Topic_2,3.0579774e-06,2.9466914e-06,0.9999865,9.153849e-07,2.0530283e-06,4.5074476e-06
NA247,3A Daphnia KNO15.04 PEt1 DG,Daphnia,DG,KNO15.04,PET,Daphnia: Post-exposure,Pre-Post-Long,YES,Topic_1,1.8874383e-06,0.9612975,8.561231e-06,5.6499186e-07,1.2671658e-06,0.038690105
NA248,DG BH PLA3 A,Daphnia,DG,BH,PLA,Daphnia: Post-exposure,Pre-Post-Long,YES,Topic_1,2.4063643e-06,0.67424333,0.06486149,7.2032884e-07,1.615556e-06,0.26089045
NA249,BP F PET3 A,Daphnia,BP,F,PET,Daphnia: Post-exposure,Pre-Post-Long,YES,Topic_0,0.5952219,1.6778894e-06,7.898297e-06,0.13518898,1.1690245e-06,0.26957843
NA250,BP F C2 A,Daphnia,BP,F,C,Daphnia: Post-exposure,Pre-Post-Long,NO,Topic_5,2.0944462e-06,2.0182251e-06,0.12126304,6.000736e-05,1.4061443e-06,0.87867147
NA251,BP BH PLA1 A,Daphnia,BP,BH,PLA,Daphnia: Post-exposure,Pre-Post-Long,YES,Topic_2,2.9981222e-06,2.8890145e-06,0.9999868,8.974676e-07,2.0128434e-06,4.419221e-06
NA252,BP F PLA2 A,Daphnia,BP,F,PLA,Daphnia: Post-exposure,Pre-Post-Long,YES,Topic_0,0.95790064,0.01136868,9.562365e-06,6.309857e-07,0.0043198992,0.026400534
NA253,DG F PLA1 A,Daphnia,DG,F,PLA,Daphnia: Post-exposure,Pre-Post-Long,YES,Topic_1,2.3490654e-06,0.51690257,1.06561e-05,7.031768e-07,0.0600164,0.4230673
NA254,KNO15.04 PLA2 DG A,Daphnia,DG,KNO15.04,PLA,Daphnia: Post-exposure,Pre-Post-Long,YES,Topic_5,2.1640328e-06,0.48673317,9.816244e-06,6.477886e-07,0.0065107215,0.5067435
NA255,KNO15.04 PLA3 BP A,Daphnia,BP,KNO15.04,PLA,Daphnia: Post-exposure,Pre-Post-Long,YES,Topic_2,2.4334531e-06,2.3448947e-06,0.9999892,7.284377e-07,1.6337426e-06,3.586901e-06
NA256,BP BH Nylon3 A,Daphnia,BP,BH,Nylon,Daphnia: Post-exposure,Pre-Post-Long,YES,Topic_5,2.3136483e-06,2.2294498e-06,0.4126304,0.081210524,1.5533095e-06,0.5061529
NA257,BP PH PET2 A,Daphnia,BP,BH,PET,Daphnia: Post-exposure,Pre-Post-Long,YES,Topic_2,3.6551191e-06,3.522102e-06,0.99035996,0.0010134057,2.4539302e-06,0.008617025
NA258,DG BH Nylon2 A,Daphnia,DG,BH,Nylon,Daphnia: Post-exposure,Pre-Post-Long,YES,Topic_5,0.41980025,0.071929246,9.283412e-06,6.125797e-07,1.3738959e-06,0.50825924
NA259,DG F Nylon1 A,Daphnia,DG,F,Nylon,Daphnia: Post-exposure,Pre-Post-Long,YES,Topic_2,2.6429125e-06,0.006633906,0.99335706,7.9113795e-07,1.774367e-06,3.895643e-06
NA260,DG BH C3 A,Daphnia,DG,BH,C,Daphnia: Post-exposure,Pre-Post-Long,NO,Topic_1,0.2069422,0.7031863,8.73502e-06,5.7643115e-07,0.04669625,0.04316587
NA261,BP KNO15.04 Nylon3 A,Daphnia,BP,KNO15.04,Nylon,Daphnia: Post-exposure,Pre-Post-Long,YES,Topic_3,0.13098061,1.9138572e-06,9.009775e-06,0.67088234,1.3334287e-06,0.19812472
NA262,BP F PLA1 A,Daphnia,BP,F,PLA,Daphnia: Post-exposure,Pre-Post-Long,YES,Topic_0,0.6617683,2.1081498e-06,0.33822417,6.5489326e-07,1.468797e-06,3.2247606e-06
NA263,BP KNO15.04 PET1 A,Daphnia,BP,KNO15.04,PET,Daphnia: Post-exposure,Pre-Post-Long,YES,Topic_3,0.22308765,2.0363939e-06,9.5859095e-06,0.55527943,1.4188029e-06,0.22161983
NA264,BH DG PET2 A ,Daphnia,DG,BH,PET,Daphnia: Post-exposure,Pre-Post-Long,YES,Topic_5,2.8211232e-06,0.11041475,0.18672062,8.444841e-07,0.0564845,0.64637643
NA265,DG BH PET1 A,Daphnia,DG,BH,PET,Daphnia: Post-exposure,Pre-Post-Long,YES,Topic_1,2.7143851e-06,0.5375892,0.41945943,8.1253285e-07,1.8223515e-06,0.042946033
NA266,BP F PET2 A ,Daphnia,BP,F,PET,Daphnia: Post-exposure,Pre-Post-Long,YES,Topic_0,0.99998474,1.8437102e-06,8.678514e-06,5.7274553e-07,1.2845557e-06,2.8202567e-06
NA267,BP KNO15.04 C3 A,Daphnia,BP,KNO15.04,C,Daphnia: Post-exposure,Pre-Post-Long,NO,Topic_2,3.229441e-06,3.111915e-06,0.9046818,9.667112e-07,2.1681435e-06,0.09530872
NA268,BP BH PET3 A,Daphnia,BP,BH,PET,Daphnia: Post-exposure,Pre-Post-Long,YES,Topic_2,2.4847948e-06,2.394368e-06,0.8110326,0.18895711,1.6682118e-06,3.6625781e-06
NA269,BP KNO15.04 Nylon1 A,Daphnia,BP,KNO15.04,Nylon,Daphnia: Post-exposure,Pre-Post-Long,YES,Topic_2,2.8566467e-06,2.7526874e-06,0.5503424,8.551178e-07,1.9178613e-06,0.44964918
NA270,KON15.04 PLA3 DG A,Daphnia,DG,KNO15.04,PLA,Daphnia: Post-exposure,Pre-Post-Long,YES,Topic_0,0.5156346,2.191219e-06,0.48064727,6.806986e-07,0.0037118383,3.3518284e-06
NA271,DG F PET1 A,Daphnia,DG,F,PET,Daphnia: Post-exposure,Pre-Post-Long,YES,Topic_1,1.8463953e-06,0.9999852,8.375252e-06,5.5270596e-07,1.2396108e-06,2.72158e-06
NA272,BP F PLA3 A,Daphnia,BP,F,PLA,Daphnia: Post-exposure,Pre-Post-Long,YES,Topic_1,0.004004622,0.5854081,1.0633091e-05,7.016401e-07,0.024646286,0.38592967
NA273,BP KNO15.04 Nylon 2 A,Daphnia,BP,KNO15.04,Nylon,Daphnia: Post-exposure,Pre-Post-Long,YES,Topic_5,2.2092802e-06,2.12888e-06,1.0021002e-05,0.051190298,1.4832401e-06,0.9487938
NA274,BP BH Nylon2 A,Daphnia,BP,BH,Nylon,Daphnia: Post-exposure,Pre-Post-Long,YES,Topic_3,2.627317e-06,2.5317033e-06,1.1917658e-05,0.9999773,1.7638965e-06,3.8726553e-06
NA275,BP BH PLA2 A,Daphnia,BP,BH,PLA,Daphnia: Post-exposure,Pre-Post-Long,YES,Topic_0,0.59142697,2.406801e-06,0.0010697253,0.2624125,1.6768741e-06,0.14508682
NA96,KNO15.04 PLA3 BP,Daphnia,BP,KNO15.04,PLA,Daphnia: Post-Long-exposure (selected survivals),Pre-Post-Long,YES,Topic_2,2.3116809e-06,2.227554e-06,0.99998975,6.91986e-07,1.5519886e-06,3.407409e-06
NA97,PET3 BH BP,Daphnia,BP,BH,PET,Daphnia: Post-Long-exposure (selected survivals),Pre-Post-Long,YES,Topic_0,0.61674654,2.0574469e-06,0.38324612,6.391425e-07,1.4334711e-06,3.1472023e-06
NA98,F PLA2 BP,Daphnia,BP,F,PLA,Daphnia: Post-Long-exposure (selected survivals),Pre-Post-Long,YES,Topic_2,3.373487e-06,3.250719e-06,0.99998516,1.0098305e-06,2.2648514e-06,4.972507e-06
NA99,KNO15.04 Nylon1 DG MF,Daphnia,DG,KNO15.04,Nylon,Daphnia: Post-Long-exposure (selected survivals),Pre-Post-Long,YES,Topic_2,2.5899883e-06,2.4957333e-06,0.52644,0.47354928,1.7388353e-06,3.817633e-06
