Topic_ID,term,probability,phylum,class,order,family,genus
Topic_0,Kapabacteriales_uncl_0,0.3831,Bacteroidota,Kapabacteria,Kapabacteriales,,
Topic_0,Rhizobiaceae_uncl_0,0.1183,Proteobacteria,Alphaproteobacteria,Rhizobiales,Rhizobiaceae,
Topic_0,Rhodobacteraceae_uncl_0,0.063,Proteobacteria,Alphaproteobacteria,Rhodobacterales,Rhodobacteraceae,
Topic_0,Comamonadaceae_uncl_0,0.0469,Proteobacteria,Gammaproteobacteria,Burkholderiales,Comamonadaceae,
Topic_0,Telmatocola_sp,0.0391,Planctomycetota,Planctomycetes,Gemmatales,Gemmataceae,Telmatocola
Topic_0,Polynucleobacter_sp_1,0.0238,Proteobacteria,Gammaproteobacteria,Burkholderiales,Burkholderiaceae,Polynucleobacter
Topic_0,OM60(NOR5) clade_sp_0,0.0238,Proteobacteria,Gammaproteobacteria,Pseudomonadales,Halieaceae,OM60(NOR5) clade
Topic_0,Gemmobacter_sp_0,0.0218,Proteobacteria,Alphaproteobacteria,Rhodobacterales,Rhodobacteraceae,Gemmobacter
Topic_1,Rhodobacteraceae_uncl_0,0.1888,Proteobacteria,Alphaproteobacteria,Rhodobacterales,Rhodobacteraceae,
Topic_1,Planctomycetales_uncl_0,0.1093,Planctomycetota,Planctomycetes,Planctomycetales,,
Topic_1,Hydrogenophaga_sp_0,0.0736,Proteobacteria,Gammaproteobacteria,Burkholderiales,Comamonadaceae,Hydrogenophaga
Topic_1,SH-PL14_sp_0,0.0685,Planctomycetota,Planctomycetes,Planctomycetales,Rubinisphaeraceae,SH-PL14
Topic_1,Comamonadaceae_uncl_0,0.061,Proteobacteria,Gammaproteobacteria,Burkholderiales,Comamonadaceae,
Topic_1,Rhodopirellula_sp_0,0.0459,Planctomycetota,Planctomycetes,Pirellulales,Pirellulaceae,Rhodopirellula
Topic_1,Rubinisphaeraceae_uncl_0,0.0277,Planctomycetota,Planctomycetes,Planctomycetales,Rubinisphaeraceae,
Topic_1,Rubinisphaeraceae_uncl_1,0.0256,Planctomycetota,Planctomycetes,Planctomycetales,Rubinisphaeraceae,
Topic_2,Pseudorhodobacter_sp_0,0.5032,Proteobacteria,Alphaproteobacteria,Rhodobacterales,Rhodobacteraceae,Pseudorhodobacter
Topic_2,Pseudorhodobacter_sp_1,0.0586,Proteobacteria,Alphaproteobacteria,Rhodobacterales,Rhodobacteraceae,Pseudorhodobacter
Topic_2,Comamonadaceae_uncl_0,0.0384,Proteobacteria,Gammaproteobacteria,Burkholderiales,Comamonadaceae,
Topic_2,Gemmobacter_sp_2,0.0296,Proteobacteria,Alphaproteobacteria,Rhodobacterales,Rhodobacteraceae,Gemmobacter
Topic_2,Kapabacteriales_uncl_5,0.0293,Bacteroidota,Kapabacteria,Kapabacteriales,,
Topic_2,Gemmobacter_sp_3,0.0275,Proteobacteria,Alphaproteobacteria,Rhodobacterales,Rhodobacteraceae,Gemmobacter
Topic_2,Pseudorhodobacter_sp_2,0.0244,Proteobacteria,Alphaproteobacteria,Rhodobacterales,Rhodobacteraceae,Pseudorhodobacter
Topic_2,Pseudorhodobacter_sp_3,0.0191,Proteobacteria,Alphaproteobacteria,Rhodobacterales,Rhodobacteraceae,Pseudorhodobacter
Topic_3,Gemmobacter_sp_1,0.2726,Proteobacteria,Alphaproteobacteria,Rhodobacterales,Rhodobacteraceae,Gemmobacter
Topic_3,Pseudorhodobacter_sp_1,0.1251,Proteobacteria,Alphaproteobacteria,Rhodobacterales,Rhodobacteraceae,Pseudorhodobacter
Topic_3,Prosthecobacter_algae,0.0453,Verrucomicrobiota,Verrucomicrobiae,Verrucomicrobiales,Verrucomicrobiaceae,Prosthecobacter
Topic_3,Blfdi19_uncl_0,0.0405,Myxococcota,Polyangia,Blfdi19,,
Topic_3,Enterobacterales_uncl_0,0.0291,Proteobacteria,Gammaproteobacteria,Enterobacterales,,
Topic_3,Rhodobacteraceae_uncl_0,0.026,Proteobacteria,Alphaproteobacteria,Rhodobacterales,Rhodobacteraceae,
Topic_3,Gemmobacter_sp_0,0.0254,Proteobacteria,Alphaproteobacteria,Rhodobacterales,Rhodobacteraceae,Gemmobacter
Topic_3,Acidaminobacter_sp_0,0.021,Firmicutes,Clostridia,Peptostreptococcales-Tissierellales,Acidaminobacteraceae,Acidaminobacter
Topic_4,Comamonadaceae_uncl_0,0.1473,Proteobacteria,Gammaproteobacteria,Burkholderiales,Comamonadaceae,
Topic_4,Gemmobacter_sp_0,0.1025,Proteobacteria,Alphaproteobacteria,Rhodobacterales,Rhodobacteraceae,Gemmobacter
Topic_4,Lacihabitans_soyangensis,0.0697,Bacteroidota,Bacteroidia,Cytophagales,Spirosomaceae,Lacihabitans
Topic_4,Flavobacterium_sp_0,0.0686,Bacteroidota,Bacteroidia,Flavobacteriales,Flavobacteriaceae,Flavobacterium
Topic_4,Pseudomonas_sp_0,0.0486,Proteobacteria,Gammaproteobacteria,Pseudomonadales,Pseudomonadaceae,Pseudomonas
Topic_4,Emticicia_sediminis,0.0304,Bacteroidota,Bacteroidia,Cytophagales,Spirosomaceae,Emticicia
Topic_4,Chloroplast_uncl_0,0.0294,Cyanobacteria,Cyanobacteriia,Chloroplast,,
Topic_4,Aeromonas_sp,0.0269,Proteobacteria,Gammaproteobacteria,Enterobacterales,Aeromonadaceae,Aeromonas
