,MC1,MC2,MC3,MC4,MC5,MC6
WCHB1-32_sp,2.1802063e-05,1.5356851e-06,1.4761026e-06,2.9606003e-06,0.013573872,8.610106e-06
Emticicia_sediminis,0.006432259,0.008238161,0.030489469,0.008546227,0.0045061014,0.013000917
Lacihabitans_soyangensis,0.014051063,0.016984567,0.07057478,0.01623318,0.008914415,0.02889262
Flavobacterium_sp_1,0.014865781,0.014198898,0.068585776,0.01836296,0.009995932,0.026328368
Sphingobacteriales_uncl_1,0.00010086404,0.022119697,0.00013696692,8.0433465e-06,7.495178e-06,3.875635e-06
Kapabacteriales_uncl_1,0.08419039,0.01493328,4.33919e-05,0.026157325,0.00014927685,0.21904212
Kapabacteriales_uncl_6,0.047148883,0.0014799197,4.3841504e-07,1.9814088e-06,3.8527583e-06,1.2089024e-06
Kapabacteriales_uncl_2,0.030173443,0.0005139958,6.3294974e-05,0.00026521404,0.00010843047,3.7706064e-05
Pseudarcobacter_sp,0.000254297,2.5102934e-06,2.7797207e-06,4.0960945e-06,0.029132323,1.2940128e-05
Chloroplast_uncl_1,0.0052474733,0.006575738,0.029224139,0.0086166,0.004292574,0.011197244
Lutispora_uncl,2.1857173e-05,1.6630956e-06,1.5266253e-06,3.285591e-06,0.021590965,9.54758e-06
Acidaminobacter_sp_1,6.746717e-05,3.0604897e-06,3.1572138e-06,4.204919e-06,0.036860004,1.7010014e-05
Firmicutes_uncl_1,0.0047420585,0.0051135095,0.026782405,0.0066429386,0.003951454,0.009398221
Blfdi19_uncl_1,0.030881315,0.00028673472,5.2324873e-07,2.5999856e-05,1.907249e-05,0.00031337928
Telmatocola_sp,1.5967652e-06,0.031877544,4.3283708e-07,0.0004162679,2.0501255e-05,7.407266e-06
Pirellula_sp_1,1.0123188e-05,1.1983204e-06,4.5385326e-07,0.022301627,1.8280669e-05,2.272722e-06
Rhodopirellula_sp_1,0.00029212364,1.2550086e-05,0.0003972499,0.10173702,4.985244e-05,0.0010814167
SH-PL14_sp_1,0.11945041,0.00088314636,2.8402578e-06,0.00034426898,5.1509804e-05,0.0010587126
Rubinisphaeraceae_uncl_2,0.00030300868,9.138406e-06,0.0011766483,0.0033502858,5.845314e-05,0.032545187
Rubinisphaeraceae_uncl_3,0.00081968924,2.3140194e-06,4.0732725e-06,0.048501693,8.3218656e-05,5.355457e-05
Rubinisphaeraceae_uncl_1,0.0063463077,3.6315375e-06,1.5592192e-05,0.03777395,7.9545e-06,0.00028372195
Rubinisphaeraceae_uncl_4,1.8777571e-06,0.016444054,3.3122106e-07,2.5717322e-06,2.9556708e-05,1.1566244e-05
Planctomycetales_uncl_1,0.0006956677,3.1994023e-05,2.2553053e-05,0.20602858,6.786699e-05,0.0014152488
Gemmobacter_sp_1,0.011368978,0.007695812,0.07190385,0.02164774,0.6023215,0.026422111
Gemmobacter_sp_2,0.21679673,1.6556884e-05,7.459584e-06,0.0020788251,0.0009315416,0.00019833437
Gemmobacter_sp_3,0.00012669533,0.023152972,4.74741e-06,0.0064329165,0.0027938082,0.0123164365
Gemmobacter_sp_4,0.00045450684,0.014662456,6.835076e-06,0.00011884192,0.016620504,0.008174018
Pseudorhodobacter_sp_1,9.512592e-05,0.53581214,1.589805e-05,0.0008607609,0.0023878752,0.004245896
Pseudorhodobacter_sp_2,0.0008909221,0.02497563,6.497813e-05,0.001530553,0.0014487104,0.0761339
Pseudorhodobacter_sp_3,0.0018824007,0.02329222,5.141769e-06,0.00013476824,5.305678e-05,0.0053167706
Pseudorhodobacter_sp_4,2.7805283e-06,0.021446643,3.4228902e-05,0.00010010536,1.9279156e-05,5.1861065e-05
Rhodobacter_sp_1,0.0047804792,0.00015334367,0.00043517567,0.0009079192,0.002070246,0.017191568
Rhodobacteraceae_uncl_1,0.057553977,0.0025166324,0.00022313636,0.08333996,0.0002000286,0.16650537
Polynucleobacter_sp_1,0.0029170187,0.0035669114,0.01388681,0.0037851126,0.0143408,0.005521685
Polynucleobacter_sp_2,7.278738e-05,1.0464406e-06,0.0001072196,0.026283551,4.655062e-05,1.5235161e-06
Hydrogenophaga_sp_1,0.009898262,0.006848011,0.043447375,0.0029931488,0.002466513,0.0022081588
Comamonadaceae_uncl_1,0.035739005,0.033585727,0.1460687,0.082873836,0.01481795,0.076020494
T34_uncl_1,0.00032196366,0.00015817612,0.001078395,0.0001401663,0.035453428,0.00015175903
Aeromonas_sp,0.0048552603,0.0056892284,0.026876815,0.0075634415,0.004085524,0.009510327
OM60(NOR5) clade_sp_1,0.035221998,9.32165e-05,7.7530075e-07,2.2397015e-05,3.5243781e-06,9.2480295e-06
Pseudomonas_sp_1,0.008763008,0.008780888,0.048428066,0.014691329,0.0068707094,0.0190368
Prosthecobacter_algae,0.034000892,0.00089799875,5.021331e-07,4.609103e-05,1.4448455e-05,0.0007588273
