Taxon,MC1,MC2,MC3,MC4,MC5,MC6
Rubinisphaeraceae,0.14331514100149434,0.03481666514380777,0.008259004474552967,0.11834926411154356,0.0017372196014093788,0.04831905830985761
Verrucomicrobiaceae,0.04194545996904253,0.0030006128125137366,0.00823279736977156,0.0028655996933366623,0.0014042750945009175,0.0046474504126194915
Unclassified family (Blfdi19),0.03626801250402423,0.0012130021223129006,6.442393981842542e-06,5.120702098793117e-05,0.004945420068906969,0.0005231287204878754
Halieaceae,0.0352259016053722,9.466331061958044e-05,1.553974982471118e-06,2.562761847002548e-05,7.129641289793653e-06,0.0005440689819806721
Unclassified family (Enterobacterales),0.018423978289433762,0.0032930843794929388,0.00014143408455424833,0.00026579775931168115,0.0003649001389476325,2.3320645368585247e-05
Rhodobacteraceae,0.3030886248890283,0.6702261065452717,0.0747108198800106,0.12909504872527577,0.6437909445280638,0.3370817498945371
Gemmataceae,0.0009693018853340618,0.040917399037027735,0.006135981813827129,0.001055166623700643,0.0005169182991267007,0.005381258156262447
Unclassified family (Sphingobacteriales),0.00011016800726793008,0.02212128400697111,0.00030831109324935824,0.00025301572986791143,1.1103398946943344e-05,0.0002885539083763433
Comamonadaceae,0.06872184687892968,0.046231048029710564,0.2103944062860421,0.09063562342100795,0.02577115433587096,0.09096698930596858
Spirosomaceae,0.021057447629686976,0.025524300899746777,0.10607689078270255,0.02512772378520367,0.01410582090443313,0.04279873880858531
Flavobacteriaceae,0.022367317607290715,0.02192530265432424,0.10522620386456083,0.02784398715482439,0.014916651656449176,0.03938676886269832
Pseudomonadaceae,0.014633109087071716,0.015166617705176577,0.08094310528494475,0.024632846154190702,0.015647698509610564,0.032137508559799244
Microbacteriaceae,0.007187604917476165,0.008757065484246596,0.041128887830723215,0.009976432249800382,0.0069727878822050116,0.015152217927152378
Aeromonadaceae,0.004855260252952576,0.005689228419214487,0.026876814663410187,0.007563441526144743,0.004085524007678032,0.009510327130556107
Rhizobiaceae,0.01715535161463322,0.008125771002482907,0.021506273950251398,0.015422002875538965,0.0006317653385394806,0.020273048008789374
Staphylococcaceae,0.002790609639646391,0.002429377616920192,0.01717269252046094,0.004641966633357697,0.002986273804481243,0.0057727606974822265
Unclassified family (Planctomycetales),0.0007106686293809616,3.5186313027679716e-05,2.748350340198158e-05,0.22334481120924465,8.145402716763783e-05,0.0014308418386690391
Pirellulaceae,0.0023762198503618492,0.00028519117392988846,0.004759615865083333,0.1445425138479095,0.0010297869212081423,0.021172672568638973
Burkholderiaceae,0.0032479131738227807,0.004107549616378492,0.016949161760692277,0.030416566388566935,0.014950681408890887,0.006494603072553673
Acidaminobacteraceae,0.0004326753910390835,7.849865369280451e-06,5.234997644265604e-06,1.2485311003729294e-05,0.045624054910149425,2.4240219431703736e-05
T34,0.002556016012817963,0.00039605766858130664,0.001372389860051726,0.0004037460489598743,0.03867622669213233,0.0007048233470641208
Arcobacteraceae,0.013978360977489501,4.741185080092691e-06,4.286002649678267e-06,8.410959480897873e-06,0.03601937275379896,1.8117780427928665e-05
Lutispora,2.1857173123862594e-05,1.6630956451990642e-06,1.52662528307701e-06,3.285590992163634e-06,0.02159096486866474,9.547579793434124e-06
Prolixibacteraceae,2.502428515072097e-05,2.5381160639881273e-06,1.89528378768955e-06,4.831424803342088e-06,0.014661405002698302,9.968545668925799e-06
Unclassified family (Kapabacteriales),0.19112802875588386,0.017952156442731848,0.00494010769133979,0.029098741349912416,0.006668895283610254,0.22993522948297596
