k,mean,std,count,sem,in_plateau
2,0.5378864835167148,0.00889312282398595,5,0.003977125433337497,False
3,0.56038857472346,0.014364002540001627,5,0.006423777221684656,False
4,0.5710647457697816,0.018148973471332226,5,0.008116467680747837,True
5,0.5735293517359304,0.02863657421864998,5,0.012806665319123856,True
6,0.5569335107989237,0.016919292056561033,5,0.007566537433928537,False
7,0.5509851331594524,0.030032372345594246,5,0.013430885218066707,False
8,0.549823443011428,0.026637869977613388,5,0.011912817609148866,False
9,0.5455799483902741,0.01899146207399866,5,0.008493240037914029,False
10,0.5408474895570891,0.010409489289786399,5,0.0046552651326036785,False
11,0.5347305321530598,0.017122752552825218,5,0.0076575277340050485,False
12,0.5321953809837545,0.016965182798458576,5,0.007587060397612698,False
13,0.5373903745020394,0.011931808656003837,5,0.005336067049868996,False
14,0.53083208334587,0.007445885808474312,5,0.003329901364089908,False
15,0.5254672346762252,0.007500614377993022,5,0.00335437672444094,False
16,0.5195629464116521,0.005872202602177039,5,0.0026261288392238026,False
17,0.5140732235047067,0.007407953634312295,5,0.0033129375800977816,False
18,0.5147672071271844,0.007315760004410577,5,0.0032717073353872423,False
19,0.5130101678049941,0.003296249392128836,5,0.0014741275423184874,False
20,0.5110781400219034,0.004298630479684823,5,0.0019224059925455584,False
