,Topic_0,Topic_1,Topic_2,Topic_3,Topic_4
NA100,0.999735,4.7558693e-05,3.509444e-05,2.9375253e-05,0.00015299831
NA101,3.8986826e-05,4.7657482e-05,3.516734e-05,2.9436273e-05,0.9998487
NA102,3.9064293e-05,0.009263861,3.5237215e-05,2.949476e-05,0.99063236
NA103,3.9219154e-05,0.31411088,3.5376906e-05,2.9611687e-05,0.6857849
NA104,3.9219853e-05,0.33980954,3.5377536e-05,2.9612214e-05,0.6600862
NA105,3.9142844e-05,0.058642365,3.5308072e-05,2.955407e-05,0.94125366
NA106,3.8984217e-05,4.76543e-05,3.5164987e-05,2.9434304e-05,0.9998488
NA107,3.9258633e-05,4.7989743e-05,3.541252e-05,2.9641495e-05,0.9998477
NA108,3.9101473e-05,0.021364387,3.5270758e-05,2.9522835e-05,0.9785317
NA109,3.9139908e-05,0.932573,0.023728864,2.9551853e-05,0.04362942
NA133,3.8946095e-05,4.7607693e-05,3.5130597e-05,2.9405519e-05,0.9998489
NA134,3.9180413e-05,4.7894126e-05,3.534196e-05,2.9582436e-05,0.999848
NA137,3.9103325e-05,4.7799895e-05,3.5272427e-05,2.9524233e-05,0.9998483
NA141,3.8948143e-05,4.76102e-05,3.513245e-05,2.9407067e-05,0.9998489
NA142,3.90627e-05,4.775023e-05,3.523578e-05,2.9493558e-05,0.9998485
NA145,3.8946473e-05,4.7608155e-05,3.513094e-05,2.9405805e-05,0.9998489
NA149,3.9102826e-05,0.22130531,3.5271976e-05,2.9523857e-05,0.7785908
NA150,3.9179526e-05,4.789304e-05,3.534116e-05,2.9581766e-05,0.999848
NA153,3.9061186e-05,4.774838e-05,3.5234414e-05,2.9492416e-05,0.9998485
NA157,0.0075581875,4.779615e-05,0.9922108,2.9521922e-05,0.00015364157
NA158,3.90622e-05,4.774962e-05,0.8774807,2.9493182e-05,0.12240299
NA159,3.9179457e-05,4.7892954e-05,0.6253139,2.9581714e-05,0.3745695
NA160,3.9179464e-05,4.7892965e-05,0.7260399,2.9581719e-05,0.27384344
NA161,3.9100887e-05,4.779691e-05,3.5270226e-05,0.5263568,0.47352102
NA162,3.9142076e-05,4.7847265e-05,3.530738e-05,2.9553492e-05,0.9998481
NA163,0.286694,4.784393e-05,0.71307474,2.9551433e-05,0.00015381823
NA164,3.906214e-05,4.774955e-05,0.6227154,2.9493138e-05,0.37716827
NA165,3.9141752e-05,4.7846865e-05,3.5307086e-05,2.9553246e-05,0.9998481
NA166,3.883122e-05,4.7467267e-05,0.04878773,2.9318782e-05,0.95109665
NA167,0.0050294446,4.7796195e-05,0.9947396,2.9521949e-05,0.00015362917
NA168,3.8985447e-05,4.7655798e-05,3.5166093e-05,2.943523e-05,0.9998488
NA169,3.921837e-05,0.77302843,3.5376197e-05,0.07307067,0.15382628
NA170,3.8985338e-05,0.43173614,3.5165995e-05,2.9435147e-05,0.5681603
NA171,0.07981756,0.32425952,0.2439681,2.9611794e-05,0.35192522
NA172,3.918142e-05,0.15766172,3.534287e-05,2.9583198e-05,0.84223413
NA173,3.9139817e-05,0.7732166,3.5305344e-05,2.9551786e-05,0.22667938
NA174,3.926039e-05,4.799189e-05,3.5414105e-05,2.9642822e-05,0.9998477
NA175,3.910191e-05,4.7798163e-05,3.527115e-05,2.9523164e-05,0.9998483
NA176,3.886963e-05,4.7514226e-05,3.5061625e-05,2.9347786e-05,0.9998492
NA177,3.902444e-05,4.7703463e-05,3.520127e-05,2.946467e-05,0.9998486
NA178,3.9025752e-05,4.7705067e-05,3.520245e-05,2.9465662e-05,0.9998486
NA179,0.02813044,0.07643125,0.029944103,0.059711035,0.80578315
NA180,3.910293e-05,0.3840936,3.527207e-05,0.18264835,0.43318367
NA181,0.0067248154,0.11749811,3.5484536e-05,2.9701776e-05,0.87571186
NA182,3.8795984e-05,0.082472414,3.4995195e-05,0.15522328,0.7622305
NA183,3.9139628e-05,0.65822273,3.530517e-05,2.9551642e-05,0.3416733
NA185,3.9103164e-05,4.77997e-05,3.5272282e-05,2.9524112e-05,0.9998483
NA192,0.5938531,0.05765552,3.5095236e-05,0.08126801,0.26718825
NA194,3.9220053e-05,4.794258e-05,3.5377718e-05,2.9612367e-05,0.9998478
NA195,3.9299408e-05,4.8039587e-05,3.54493e-05,2.9672283e-05,0.99984753
NA197,3.933859e-05,4.808748e-05,3.548464e-05,2.9701865e-05,0.9998474
NA199,3.921816e-05,4.7940266e-05,0.9563162,2.9610936e-05,0.0435671
NA200,3.906568e-05,4.7753874e-05,0.026898993,2.949581e-05,0.9729847
NA202,0.37873423,4.7894093e-05,3.534194e-05,2.9582416e-05,0.62115294
NA203,3.9024315e-05,4.770331e-05,0.5577961,0.012941542,0.42917556
NA204,3.890963e-05,0.001984248,3.5097706e-05,2.9377989e-05,0.9979124
NA205,3.8908027e-05,4.756116e-05,3.5096262e-05,2.9376777e-05,0.9998491
NA207,3.914106e-05,0.45436898,0.5454083,2.9552724e-05,0.00015403851
NA208,3.9025912e-05,4.7705264e-05,3.5202596e-05,2.9465784e-05,0.9998486
NA219,0.3230571,4.760971e-05,0.0046991636,2.9406763e-05,0.6721667
NA223,0.16447431,0.58704185,3.5165278e-05,2.9434546e-05,0.24841915
NA224,0.035029996,0.44982022,3.5272158e-05,2.9524008e-05,0.515085
NA225,0.7619881,0.010110552,3.523462e-05,2.9492589e-05,0.22783664
NA226,3.9219514e-05,4.7941925e-05,0.001638274,2.961196e-05,0.99824494
NA227,3.883287e-05,4.746929e-05,3.5028468e-05,2.9320032e-05,0.9998493
NA228,3.9178893e-05,0.94420457,3.534059e-05,2.9581288e-05,0.055691287
NA229,0.58830225,4.779786e-05,3.5270925e-05,2.9522977e-05,0.41158512
NA230,3.8870214e-05,0.07882618,3.5062152e-05,2.9348226e-05,0.9210705
NA231,0.8265022,4.765349e-05,3.5164394e-05,2.9433806e-05,0.17338556
NA232,3.921825e-05,0.03183662,0.894492,2.9611003e-05,0.073602505
NA233,3.9140312e-05,4.7845104e-05,0.7169078,2.9552159e-05,0.2829756
NA234,3.9297625e-05,4.8037404e-05,3.544769e-05,0.9956259,0.004251314
NA235,3.9065042e-05,4.7753096e-05,3.5237892e-05,2.9495328e-05,0.9998484
NA236,0.045587827,0.8165958,3.5306202e-05,2.9552504e-05,0.1377515
NA237,3.9142033e-05,0.4663639,3.530734e-05,2.9553457e-05,0.5335321
NA238,3.9101513e-05,0.7987464,3.5270794e-05,2.9522866e-05,0.20114964
NA239,0.3964075,0.6033737,3.5305817e-05,2.955218e-05,0.00015390058
NA240,3.910105e-05,0.149884,0.84989345,2.9522516e-05,0.0001538607
NA241,0.94418347,4.779653e-05,3.5269946e-05,0.05557956,0.00015397125
NA242,3.913985e-05,4.7844544e-05,3.5305373e-05,0.9342083,0.06566948
NA243,3.9220107e-05,4.794265e-05,3.537777e-05,2.9612407e-05,0.9998478
NA244,0.30148733,4.7991813e-05,3.5414047e-05,2.9642773e-05,0.6983996
NA245,3.9101902e-05,0.05396231,0.42637673,2.9523158e-05,0.51959234
NA246,3.9220336e-05,4.794293e-05,3.5377972e-05,2.961258e-05,0.9998478
NA247,0.56267124,4.7653695e-05,0.43709907,2.9433932e-05,0.00015266432
NA248,0.11260218,4.7796817e-05,0.797848,2.9522333e-05,0.08947257
NA249,3.9296836e-05,0.99974155,3.544698e-05,2.967034e-05,0.00015397885
NA250,0.662684,4.8036818e-05,3.5447254e-05,2.9670571e-05,0.33720285
NA251,3.9101647e-05,4.7797843e-05,3.5270914e-05,2.9522967e-05,0.9998483
NA252,3.9139562e-05,0.095213614,3.530511e-05,0.90455794,0.00015401724
NA253,0.49233186,4.784453e-05,0.5074368,2.9551804e-05,0.00015394061
NA254,0.31149998,0.03303282,0.6552851,2.9376253e-05,0.00015269445
NA255,3.9143575e-05,4.7849095e-05,3.530873e-05,2.9554622e-05,0.9998481
NA256,3.9062237e-05,0.4551382,3.5235364e-05,0.03984204,0.5049455
NA257,0.0058247894,4.7892623e-05,3.534085e-05,2.9581508e-05,0.9940624
NA258,0.29227495,4.7701564e-05,0.059454985,0.6480686,0.00015374915
NA259,3.9222516e-05,4.794559e-05,3.5379937e-05,2.9614224e-05,0.9998478
NA260,0.02399694,4.7988244e-05,0.42206386,0.55373704,0.00015418215
NA261,3.917956e-05,0.8602797,3.5341192e-05,0.13949165,0.00015412312
NA262,3.9218423e-05,4.7940586e-05,3.5376244e-05,0.634724,0.36515343
NA263,0.27289292,0.7268879,3.5446617e-05,2.9670036e-05,0.00015407488
NA264,3.902337e-05,4.7702153e-05,0.2230721,0.37788057,0.39896062
NA265,3.910155e-05,0.031888716,0.56421787,2.9522891e-05,0.40382475
NA266,0.23136088,4.760556e-05,3.5129025e-05,0.76840395,0.00015244544
NA267,0.064728566,4.765654e-05,3.5166642e-05,2.9435689e-05,0.9351592
NA268,3.9143546e-05,0.105946116,3.5308705e-05,2.95546e-05,0.89394987
NA269,0.33383125,4.775001e-05,3.523562e-05,2.9493423e-05,0.6660562
NA270,3.89904e-05,4.7661855e-05,3.5170568e-05,0.3370485,0.6628297
NA271,0.37892094,4.798844e-05,0.62084764,2.964069e-05,0.000153827
NA272,0.1523942,4.7701484e-05,0.84737533,2.9463448e-05,0.00015327233
NA273,0.6754811,0.3243004,3.534076e-05,2.958143e-05,0.00015354226
NA274,3.9139766e-05,0.99974257,3.5305296e-05,2.9551748e-05,0.00015344248
NA275,0.18288393,0.8127803,3.5305187e-05,2.9551655e-05,0.0042708972
NA96,3.910197e-05,4.779824e-05,3.5271205e-05,2.9523211e-05,0.9998483
NA97,3.8945513e-05,0.07060721,0.64294195,2.9405079e-05,0.28638256
NA98,3.918017e-05,0.39190987,3.534174e-05,2.9582254e-05,0.60798603
NA99,0.7084544,4.784475e-05,3.5305526e-05,2.9551938e-05,0.29143295
