Topic_ID,Rank,Taxa,Probability
Topic_0,1,Gemmobacter_sp_2,0.21679672598838806
Topic_0,2,SH-PL14_sp_1,0.1194504126906395
Topic_0,3,Kapabacteriales_uncl_1,0.08419039100408554
Topic_0,4,Rhodobacteraceae_uncl_1,0.0575539767742157
Topic_0,5,Kapabacteriales_uncl_6,0.04714888334274292
Topic_0,6,Comamonadaceae_uncl_1,0.035739004611968994
Topic_0,7,OM60(NOR5) clade_sp_1,0.035221997648477554
Topic_0,8,Prosthecobacter_algae,0.03400089219212532
Topic_0,9,Blfdi19_uncl_1,0.03088131546974182
Topic_0,10,Kapabacteriales_uncl_2,0.030173443257808685
Topic_0,11,Enterobacterales_uncl_1,0.01829666458070278
Topic_0,12,Kapabacteriales_uncl_4,0.015565491281449795
Topic_0,13,Flavobacterium_sp_1,0.014865781180560589
Topic_0,14,Lacihabitans_soyangensis,0.014051062986254692
Topic_0,15,Gemmobacter_sp_1,0.011368977837264538
Topic_1,1,Pseudorhodobacter_sp_1,0.5358121395111084
Topic_1,2,Comamonadaceae_uncl_1,0.03358572721481323
Topic_1,3,Telmatocola_sp,0.0318775437772274
Topic_1,4,Pseudorhodobacter_sp_2,0.024975629523396492
Topic_1,5,Pseudorhodobacter_sp_3,0.023292219266295433
Topic_1,6,Gemmobacter_sp_3,0.023152971640229225
Topic_1,7,Sphingobacteriales_uncl_1,0.02211969718337059
Topic_1,8,Pseudorhodobacter_sp_4,0.02144664339721203
Topic_1,9,Lacihabitans_soyangensis,0.016984567046165466
Topic_1,10,Rubinisphaeraceae_uncl_4,0.016444053500890732
Topic_1,11,Kapabacteriales_uncl_1,0.01493327971547842
Topic_1,12,Gemmobacter_sp_4,0.014662455767393112
Topic_1,13,Flavobacterium_sp_1,0.01419889833778143
Topic_1,14,Pseudomonas_sp_1,0.0087808882817626
Topic_1,15,Rubinisphaeraceae_uncl_5,0.008776508271694183
Topic_2,1,Comamonadaceae_uncl_1,0.14606870710849762
Topic_2,2,Gemmobacter_sp_1,0.07190384715795517
Topic_2,3,Lacihabitans_soyangensis,0.07057478278875351
Topic_2,4,Flavobacterium_sp_1,0.06858577579259872
Topic_2,5,Pseudomonas_sp_1,0.048428066074848175
Topic_2,6,Hydrogenophaga_sp_1,0.04344737529754639
Topic_2,7,Emticicia_sediminis,0.030489468947052956
Topic_2,8,Chloroplast_uncl_1,0.02922413870692253
Topic_2,9,Aeromonas_sp,0.026876814663410187
Topic_2,10,Firmicutes_uncl_1,0.026782404631376266
Topic_2,11,Aurantimicrobium_sp_1,0.024720875546336174
Topic_2,12,Flavobacterium_sp_2,0.021137550473213196
Topic_2,13,Rhizobiaceae_uncl_1,0.019883420318365097
Topic_2,14,Staphylococcaceae_uncl_1,0.01693851314485073
Topic_2,15,Algoriphagus_sp_1,0.016874710097908974
Topic_3,1,Planctomycetales_uncl_1,0.20602858066558838
Topic_3,2,Rhodopirellula_sp_1,0.10173702239990234
Topic_3,3,Rhodobacteraceae_uncl_1,0.08333995938301086
Topic_3,4,Comamonadaceae_uncl_1,0.08287383615970612
Topic_3,5,Rubinisphaeraceae_uncl_3,0.048501692712306976
Topic_3,6,Rubinisphaeraceae_uncl_1,0.03777394816279411
Topic_3,7,Polynucleobacter_sp_2,0.02628355100750923
Topic_3,8,Kapabacteriales_uncl_1,0.026157325133681297
Topic_3,9,Pirellula_sp_1,0.022301627323031425
Topic_3,10,Gemmobacter_sp_1,0.02164774015545845
Topic_3,11,Flavobacterium_sp_1,0.01836295984685421
Topic_3,12,Fimbriimonadaceae_uncl_1,0.017994124442338943
Topic_3,13,Lacihabitans_soyangensis,0.016233179718255997
Topic_3,14,Pseudomonas_sp_1,0.014691328629851341
Topic_3,15,Planctomycetales_uncl_3,0.012775431387126446
Topic_4,1,Gemmobacter_sp_1,0.6023215055465698
Topic_4,2,Acidaminobacter_sp_1,0.03686000406742096
Topic_4,3,T34_uncl_1,0.0354534275829792
Topic_4,4,Pseudarcobacter_sp,0.02913232333958149
Topic_4,5,Lutispora_uncl,0.02159096486866474
Topic_4,6,Gemmobacter_sp_4,0.01662050373852253
Topic_4,7,Comamonadaceae_uncl_1,0.014817950315773487
Topic_4,8,Polynucleobacter_sp_1,0.014340800233185291
Topic_4,9,WCHB1-32_sp,0.013573871925473213
Topic_4,10,Flavobacterium_sp_1,0.009995931759476662
Topic_4,11,Lacihabitans_soyangensis,0.008914414793252945
Topic_4,12,Acholeplasma_sp,0.0086139515042305
Topic_4,13,Pseudomonas_sp_1,0.0068707093596458435
Topic_4,14,Gemmobacter_sp_7,0.005984664428979158
Topic_4,15,Methylobacterium-Methylorubrum_sp_5,0.005488598253577948
Topic_5,1,Kapabacteriales_uncl_1,0.2190421223640442
Topic_5,2,Rhodobacteraceae_uncl_1,0.166505366563797
Topic_5,3,Pseudorhodobacter_sp_2,0.07613389939069748
Topic_5,4,Comamonadaceae_uncl_1,0.0760204941034317
Topic_5,5,Rubinisphaeraceae_uncl_2,0.03254518657922745
Topic_5,6,Lacihabitans_soyangensis,0.028892619535326958
Topic_5,7,Gemmobacter_sp_1,0.026422111317515373
Topic_5,8,Flavobacterium_sp_1,0.026328368112444878
Topic_5,9,Pseudomonas_sp_1,0.019036799669265747
Topic_5,10,Rhodobacter_sp_1,0.01719156838953495
Topic_5,11,Rhizobiaceae_uncl_1,0.015945089980959892
Topic_5,12,Emticicia_sediminis,0.013000916689634323
Topic_5,13,Gemmobacter_sp_3,0.012316436506807804
Topic_5,14,Chloroplast_uncl_1,0.011197243817150593
Topic_5,15,Pir4 lineage_sp_1,0.010713533498346806
